start_id,relation_id,end_id
1204,0,1205
1204,0,1206
1204,1,3916
1204,1,3673
1204,1,714
1204,1,6023
1204,1,3603
1204,1,3974
1204,1,3820
1204,1,3590
1204,1,3865
1204,1,4485
1204,2,3439
1204,2,3440
1204,2,3441
1204,15,5846
1204,15,3613
1204,15,4155
1204,19,3592
1204,20,5804
1204,23,3813
1204,23,2941
1204,23,5897
1204,23,1217
1204,34,1722
1204,35,3585
1204,35,714
1204,35,3813
1204,35,4146
1204,35,4497
1204,35,4676
1204,35,1879
1204,35,4716
1204,35,6027
1204,35,4869
1204,35,4700
1204,35,2941
1204,35,4745
1204,35,3666
1204,35,5945
1204,35,4751
1204,35,5005
1204,35,4091
1204,35,4026
1204,35,776
1204,35,2581
1204,35,326
1204,35,327
1204,35,5600
1204,35,328
1204,38,1204
1204,39,1205
1204,39,3771
1204,39,2657
1204,39,4752
1204,39,5951
1204,39,4715
1204,39,6201
1204,39,4756
1204,39,4716
1204,39,5952
1204,39,4869
1204,39,5953
1204,39,5016
1204,39,5954
1204,39,3265
1204,39,5955
1204,39,2225
1204,39,2982
1204,39,5956
1204,39,5957
1204,39,1861
1204,39,1932
1204,39,2718
1204,39,5958
1204,39,1831
3812,1,1204
3874,1,1204
3585,1,1204
3880,1,1204
3939,1,1204
3673,1,1204
3680,1,1204
4042,1,1204
4099,1,1204
784,1,1204
4145,1,1204
3764,1,1204
4195,1,1204
3629,1,1204
4334,1,1204
3957,1,1204
4460,1,1204
4461,1,1204
4470,1,1204
4471,1,1204
4497,1,1204
4227,1,1204
5070,1,1204
4594,1,1204
4612,1,1204
4629,1,1204
4639,1,1204
4147,1,1204
4699,1,1204
4700,1,1204
4748,1,1204
4772,1,1204
3635,1,1204
5278,1,1204
4966,1,1204
4977,1,1204
5005,1,1204
5103,1,1204
1246,1,1204
5366,1,1204
5706,1,1204
527,1,1204
612,1,1204
5837,1,1204
4034,1,1204
4193,1,1204
3599,1,1204
5904,1,1204
695,1,1204
4926,1,1204
5937,1,1204
6001,1,1204
6008,1,1204
6022,1,1204
6024,1,1204
6025,1,1204
6026,1,1204
6030,1,1204
6031,1,1204
6033,1,1204
6035,1,1204
6077,1,1204
6137,1,1204
6140,1,1204
6141,1,1204
6170,1,1204
6251,1,1204
6269,1,1204
34,1,1204
122,1,1204
133,1,1204
137,1,1204
140,1,1204
3915,1,1204
217,1,1204
324,1,1204
325,1,1204
3270,1,1204
4096,1,1204
524,1,1204
525,1,1204
2905,7,1204
5727,7,1204
6282,7,1204
1114,7,1204
2583,7,1204
5136,7,1204
1734,7,1204
4114,7,1204
4115,7,1204
4116,7,1204
4117,7,1204
4118,7,1204
1838,14,1204
898,23,1204
4699,23,1204
5758,23,1204
4863,23,1204
6258,23,1204
526,23,1204
689,23,1204
3819,23,1204
4237,23,1204
5894,23,1204
52,23,1204
2056,35,1204
4361,35,1204
3585,35,1204
4707,35,1204
2298,35,1204
5180,35,1204
5729,35,1204
3680,35,1204
5794,35,1204
4673,35,1204
6285,35,1204
351,35,1204
4087,35,1204
318,35,1204
1086,35,1204
1423,35,1204
3465,35,1204
1425,35,1204
1489,35,1204
1505,35,1204
5814,35,1204
3702,35,1204
6302,35,1204
1716,35,1204
4204,35,1204
5049,35,1204
3778,35,1204
2243,35,1204
4157,35,1204
4173,35,1204
2799,35,1204
3566,35,1204
3568,35,1204
3088,35,1204
4300,35,1204
4432,35,1204
3703,35,1204
3755,35,1204
5707,35,1204
5149,35,1204
707,35,1204
1967,35,1204
4984,35,1204
5919,35,1204
5589,35,1204
5590,35,1204
6079,35,1204
6128,35,1204
80,35,1204
1917,35,1204
4336,35,1204
1251,35,1204
1918,35,1204
1292,35,1204
1922,35,1204
170,35,1204
547,35,1204
256,35,1204
2739,35,1204
2545,35,1204
2909,35,1204
3467,35,1204
4715,35,1204
3377,35,1204
779,35,1204
6027,35,1204
4719,35,1204
4653,35,1204
4847,35,1204
1634,35,1204
165,35,1204
5731,35,1204
291,35,1204
4818,35,1204
1988,35,1204
663,35,1204
668,35,1204
2057,35,1204
678,35,1204
1175,35,1204
1265,35,1204
2151,35,1204
5636,35,1204
2346,35,1204
1781,35,1204
5336,35,1204
2339,35,1204
5654,35,1204
1082,35,1204
2660,35,1204
2661,35,1204
212,35,1204
2868,35,1204
3296,35,1204
5861,35,1204
3337,35,1204
5939,35,1204
3933,35,1204
3941,35,1204
4786,35,1204
688,35,1204
1275,35,1204
1348,35,1204
3975,35,1204
2058,35,1204
2451,35,1204
6045,35,1204
3513,35,1204
3514,35,1204
1163,35,1204
6324,35,1204
3870,35,1204
2548,35,1204
504,35,1204
4091,35,1204
3431,35,1204
4946,35,1204
854,35,1204
1070,35,1204
5854,35,1204
792,35,1204
1529,35,1204
4355,35,1204
197,35,1204
1925,35,1204
2994,35,1204
3540,35,1204
5787,35,1204
3315,35,1204
4678,35,1204
4710,35,1204
5508,35,1204
4659,35,1204
6087,35,1204
3274,35,1204
3323,35,1204
3358,35,1204
3790,35,1204
3952,35,1204
1291,35,1204
3953,35,1204
4550,35,1204
4007,35,1204
4137,35,1204
2714,35,1204
4552,35,1204
5162,35,1204
284,35,1204
5686,35,1204
3014,35,1204
5602,35,1204
5603,35,1204
5604,35,1204
5605,35,1204
5606,35,1204
1838,35,1204
1841,35,1204
5607,35,1204
5612,35,1204
5613,35,1204
5617,35,1204
5932,35,1204
6016,35,1204
6075,35,1204
1311,35,1204
833,35,1204
321,35,1204
4410,35,1204
772,35,1204
6248,35,1204
1987,35,1204
851,35,1204
3578,35,1204
5979,35,1204
4427,35,1204
267,35,1204
6102,35,1204
5886,35,1204
5887,35,1204
5888,35,1204
6234,35,1204
6249,35,1204
5869,35,1204
2358,35,1204
189,35,1204
205,35,1204
2430,35,1204
812,35,1204
2778,35,1204
2794,35,1204
2768,35,1204
4467,35,1204
245,35,1204
5825,35,1204
1486,35,1204
5829,35,1204
1404,35,1204
4381,35,1204
345,35,1204
383,35,1204
384,35,1204
477,35,1204
1671,36,1204
1857,23,3691
1857,35,3011
1857,35,5074
1857,35,3708
1857,35,1407
1857,35,5161
1857,35,5960
1857,35,1652
1857,35,5656
1857,35,5676
1857,35,3466
1857,35,1408
1857,38,1857
1856,7,1857
5868,7,1857
3063,7,1857
3645,7,1857
2983,7,1857
5310,7,1857
5817,7,1857
1852,7,1857
5818,7,1857
5819,7,1857
5820,7,1857
5821,7,1857
5460,12,1857
1943,12,1857
4160,14,1857
4161,14,1857
4162,14,1857
4163,14,1857
4164,14,1857
4165,14,1857
4168,14,1857
2708,17,1857
2708,19,1857
2008,19,1857
2014,19,1857
2622,19,1857
2014,21,1857
2688,21,1857
2158,21,1857
1061,35,1857
3425,35,1857
3272,35,1857
3725,35,1857
3866,35,1857
5044,35,1857
2697,35,1857
1320,35,1857
4618,35,1857
4975,35,1857
3994,35,1857
5175,35,1857
5633,35,1857
5983,35,1857
3409,35,1857
2614,35,1857
847,35,1857
848,35,1857
4262,35,1857
4647,35,1857
5077,35,1857
5115,35,1857
5930,35,1857
5074,35,1857
5075,35,1857
2564,35,1857
1901,35,1857
2701,35,1857
2379,35,1857
676,35,1857
2470,35,1857
5858,35,1857
4783,35,1857
4852,35,1857
4158,35,1857
5766,35,1857
5968,35,1857
1476,35,1857
5185,35,1857
4992,35,1857
4993,35,1857
1272,35,1857
5113,35,1857
1549,35,1857
1664,35,1857
5339,35,1857
419,35,1857
5111,35,1857
5960,35,1857
1649,35,1857
5632,35,1857
5634,35,1857
3326,35,1857
3331,35,1857
3332,35,1857
3333,35,1857
4135,35,1857
778,35,1857
5158,35,1857
865,35,1857
4456,35,1857
2665,35,1857
3329,35,1857
5083,35,1857
2747,35,1857
6004,35,1857
1695,35,1857
1696,35,1857
2316,35,1857
1526,35,1857
3875,35,1857
2584,35,1857
3948,35,1857
5810,35,1857
1823,35,1857
1191,35,1857
1298,35,1857
6316,35,1857
4931,35,1857
5511,35,1857
5510,35,1857
5655,35,1857
1282,35,1857
201,35,1857
1326,35,1857
257,35,1857
3516,35,1857
258,35,1857
3520,35,1857
259,35,1857
2594,35,1857
1409,35,1857
4160,35,1857
3529,35,1857
4161,35,1857
4162,35,1857
4164,35,1857
3532,35,1857
4165,35,1857
1410,35,1857
4168,35,1857
5538,35,1857
4534,35,1857
4540,35,1857
1956,35,1857
1742,35,1857
730,35,1857
2183,35,1857
790,35,1857
1508,35,1857
2129,35,1857
1825,35,1857
2094,35,1857
1534,35,1857
4050,35,1857
2530,35,1857
2957,35,1857
5836,35,1857
1782,35,1857
650,35,1857
5462,35,1857
2642,35,1857
3943,35,1857
1851,35,1857
4476,35,1857
4477,35,1857
209,35,1857
4802,35,1857
1347,35,1857
1468,35,1857
1649,38,1857
5810,38,1857
4534,38,1857
4545,38,1857
3504,38,1857
177,0,178
177,0,179
177,0,3486
177,0,180
177,0,4532
177,0,181
177,0,4154
177,0,3487
177,0,182
177,0,183
177,1,3588
177,1,3689
177,1,5690
177,1,4288
177,1,4712
177,1,5691
177,1,153
177,1,5692
177,1,5693
177,1,5694
177,1,3622
177,1,5415
177,1,3623
177,2,2412
177,2,2413
177,2,760
177,2,2414
177,2,2415
177,2,2416
177,2,2417
177,2,2418
177,2,280
177,2,2419
177,2,2421
177,2,2422
177,2,2423
177,2,2424
177,2,3767
177,2,5969
177,2,2425
177,2,2426
177,2,2427
177,2,2428
177,2,2429
177,2,2431
177,2,2432
177,2,287
177,2,1752
177,2,2274
177,2,1748
177,2,2433
177,2,2434
177,2,2435
177,2,2436
177,2,2437
177,2,2438
177,2,2439
177,2,2440
177,2,2441
177,2,2442
177,4,4366
177,4,2809
177,4,4785
177,4,2674
177,4,1511
177,4,2602
177,4,6133
177,4,1801
177,4,1944
177,4,4921
177,4,4369
177,4,2899
177,5,5168
177,5,5700
177,6,4906
177,9,3170
177,15,5326
177,15,4625
177,15,5695
177,20,3463
177,20,3559
177,20,5577
177,20,5578
177,20,4186
177,20,5579
177,20,2329
177,20,3560
177,20,5580
177,20,5494
177,20,5581
177,20,5582
177,20,5583
177,20,5584
177,20,5585
177,20,5586
177,20,1861
177,20,5587
177,20,5970
177,20,1427
177,20,3917
177,20,5588
177,23,358
177,23,3301
177,23,3410
177,23,115
177,23,359
177,23,6050
177,23,360
177,23,361
177,23,362
177,23,363
177,23,3878
177,23,364
177,23,365
177,23,5569
177,23,366
177,23,846
177,23,200
177,23,367
177,23,368
177,23,369
177,23,370
177,23,371
177,23,372
177,23,905
177,23,373
177,23,374
177,23,1427
177,23,375
177,23,3753
177,23,376
177,23,377
177,23,378
177,23,379
177,23,380
177,23,381
177,23,382
177,25,4272
177,25,1427
177,25,3753
177,33,4717
177,33,1970
177,33,1422
177,34,2706
177,34,1555
177,34,1556
177,34,1557
177,34,2690
177,34,1558
177,34,1559
177,34,1560
177,34,1561
177,34,6121
177,34,1562
177,34,1563
177,34,1564
177,34,1565
177,34,1566
177,34,1567
177,34,1568
177,34,1429
177,34,1570
177,34,1571
177,34,1572
177,34,1573
177,34,1574
177,34,1575
177,34,1576
177,34,1577
177,34,1890
177,34,1578
177,34,1579
177,34,2968
177,34,1580
177,34,1581
177,34,1582
177,34,1583
177,34,1584
177,34,1060
177,35,3016
177,35,4635
177,35,6065
177,35,1319
177,35,3453
177,35,3456
177,35,914
177,35,1763
177,35,915
177,35,3463
177,35,5749
177,35,3766
177,35,3485
177,35,916
177,35,917
177,35,2148
177,35,918
177,35,2157
177,35,919
177,35,2182
177,35,920
177,35,2553
177,35,3577
177,35,921
177,35,922
177,35,923
177,35,227
177,35,924
177,35,925
177,35,3898
177,35,5912
177,35,926
177,35,592
177,35,927
177,35,3630
177,35,928
177,35,3983
177,35,3659
177,35,4570
177,35,929
177,35,930
177,35,606
177,35,4288
177,35,931
177,35,4318
177,35,6280
177,35,114
177,35,2736
177,35,910
177,35,4591
177,35,932
177,35,3765
177,35,2948
177,35,933
177,35,2979
177,35,3976
177,35,2491
177,35,4267
177,35,5041
177,35,579
177,35,4366
177,35,934
177,35,4944
177,35,935
177,35,4601
177,35,2500
177,35,4602
177,35,2313
177,35,3579
177,35,1399
177,35,2329
177,35,91
177,35,4717
177,35,936
177,35,2791
177,35,4901
177,35,1795
177,35,4784
177,35,3306
177,35,5154
177,35,3737
177,35,5243
177,35,4015
177,35,4390
177,35,3560
177,35,605
177,35,3580
177,35,3581
177,35,1475
177,35,3829
177,35,937
177,35,938
177,35,5458
177,35,4605
177,35,939
177,35,940
177,35,941
177,35,17
177,35,942
177,35,2690
177,35,943
177,35,2027
177,35,6013
177,35,1689
177,35,3047
177,35,944
177,35,5167
177,35,945
177,35,5899
177,35,5168
177,35,946
177,35,947
177,35,4606
177,35,948
177,35,949
177,35,4134
177,35,4537
177,35,5196
177,35,950
177,35,3802
177,35,951
177,35,846
177,35,1263
177,35,4632
177,35,952
177,35,6133
177,35,953
177,35,3803
177,35,4854
177,35,954
177,35,1118
177,35,955
177,35,956
177,35,957
177,35,958
177,35,2861
177,35,1631
177,35,959
177,35,5791
177,35,831
177,35,1847
177,35,960
177,35,961
177,35,2237
177,35,962
177,35,963
177,35,964
177,35,4543
177,35,2272
177,35,3354
177,35,1821
177,35,965
177,35,966
177,35,3942
177,35,2716
177,35,967
177,35,5567
177,35,968
177,35,969
177,35,3355
177,35,970
177,35,971
177,35,972
177,35,1371
177,35,3300
177,35,973
177,35,4642
177,35,974
177,35,2404
177,35,3633
177,35,3833
177,35,975
177,35,179
177,35,1369
177,35,1098
177,35,3962
177,35,976
177,35,3927
177,35,977
177,35,978
177,35,979
177,35,980
177,35,981
177,35,982
177,35,983
177,35,984
177,35,985
177,35,986
177,35,987
177,35,988
177,35,989
177,35,3360
177,35,990
177,35,3008
177,35,853
177,35,991
177,35,5388
177,35,3582
177,35,992
177,35,3397
177,35,1453
177,35,993
177,35,3316
177,35,994
177,35,995
177,35,5876
177,35,4917
177,35,3883
177,35,3407
177,35,4034
177,35,996
177,35,997
177,35,154
177,35,2677
177,35,788
177,35,4968
177,35,4650
177,35,998
177,35,1000
177,35,999
177,35,3815
177,35,5841
177,35,1066
177,35,1002
177,35,808
177,35,870
177,35,1001
177,35,1003
177,35,901
177,35,5415
177,35,1005
177,35,4885
177,35,1004
177,35,3375
177,35,1108
177,35,1006
177,35,1007
177,35,1861
177,35,1954
177,35,4493
177,35,1008
177,35,1009
177,35,1701
177,35,81
177,35,1013
177,35,5998
177,35,1242
177,35,3857
177,35,5874
177,35,6114
177,35,6071
177,35,1333
177,35,1014
177,35,6214
177,35,1010
177,35,1339
177,35,5476
177,35,4369
177,35,6274
177,35,1110
177,35,1012
177,35,1015
177,35,1343
177,35,1016
177,35,3302
177,35,1017
177,35,1422
177,35,1018
177,35,1019
177,35,1020
177,35,1022
177,35,1023
177,35,1021
177,35,6072
177,35,1024
177,35,1025
177,35,1026
177,35,1027
177,35,1029
177,35,1030
177,35,1321
177,35,1028
177,35,1710
177,35,5970
177,35,16
177,35,5210
177,35,5282
177,35,118
177,35,2968
177,35,3679
177,35,145
177,35,3886
177,35,3292
177,35,254
177,35,3429
177,35,1706
177,35,1031
177,35,183
177,35,3710
177,35,3917
177,35,4906
177,35,109
177,35,1033
177,35,314
177,35,1034
177,35,2596
177,35,1032
177,35,293
177,35,1035
177,35,1036
177,38,177
177,39,5517
177,39,5518
177,39,1457
177,39,4717
177,39,3494
177,39,3815
177,39,4921
177,39,5519
177,39,5520
177,39,5521
177,39,5522
177,39,5523
177,39,113
179,0,177
1108,0,177
4862,0,177
1427,1,177
529,1,177
1995,3,177
2658,3,177
2659,3,177
2666,3,177
3155,3,177
2860,3,177
1110,3,177
3221,3,177
1132,7,177
4466,7,177
1625,7,177
3903,7,177
2788,7,177
3496,7,177
4090,7,177
5356,7,177
786,7,177
5362,7,177
5363,7,177
5367,7,177
5368,7,177
5369,7,177
5370,7,177
5371,7,177
5372,7,177
5373,7,177
5374,7,177
1789,7,177
5380,7,177
5381,7,177
5382,7,177
1400,7,177
3339,8,177
3456,9,177
179,9,177
1108,9,177
5352,12,177
5698,12,177
1989,14,177
1990,14,177
4288,15,177
3897,16,177
263,16,177
277,16,177
278,16,177
285,16,177
294,16,177
299,16,177
303,16,177
308,16,177
310,16,177
315,16,177
3592,16,177
1176,16,177
334,16,177
3840,16,177
2965,16,177
558,16,177
2605,16,177
2607,16,177
561,16,177
562,16,177
2648,16,177
2653,16,177
567,16,177
4777,16,177
2741,16,177
566,16,177
2792,16,177
571,16,177
572,16,177
573,16,177
2822,16,177
2825,16,177
2826,16,177
3636,16,177
2991,16,177
651,16,177
4937,16,177
652,16,177
654,16,177
3009,16,177
722,16,177
723,16,177
724,16,177
4792,16,177
4795,16,177
4798,16,177
725,16,177
3023,16,177
731,16,177
734,16,177
735,16,177
736,16,177
5152,16,177
5332,16,177
783,16,177
791,16,177
794,16,177
798,16,177
803,16,177
806,16,177
3125,16,177
807,16,177
3163,16,177
810,16,177
1316,16,177
824,16,177
825,16,177
826,16,177
827,16,177
834,16,177
5675,16,177
868,16,177
878,16,177
884,16,177
888,16,177
892,16,177
893,16,177
894,16,177
895,16,177
1126,16,177
1037,16,177
3749,16,177
1083,16,177
1084,16,177
1085,16,177
1087,16,177
3837,16,177
3839,16,177
1089,16,177
3844,16,177
3845,16,177
3851,16,177
1090,16,177
1091,16,177
1092,16,177
1093,16,177
1094,16,177
1097,16,177
1150,16,177
1155,16,177
1156,16,177
1159,16,177
4873,16,177
3304,16,177
5420,16,177
1186,16,177
1187,16,177
1188,16,177
5448,16,177
1201,16,177
5873,16,177
332,16,177
1287,16,177
3313,16,177
1297,16,177
1361,16,177
1364,16,177
1367,16,177
1309,16,177
1310,16,177
1334,16,177
1387,16,177
1388,16,177
3352,16,177
1401,16,177
1402,16,177
1403,16,177
3500,16,177
887,16,177
1520,16,177
1521,16,177
1107,16,177
1546,16,177
4199,16,177
1601,16,177
1602,16,177
1656,16,177
4958,16,177
1702,16,177
1711,16,177
30,16,177
1730,16,177
1759,16,177
3747,16,177
3748,16,177
1330,16,177
1787,16,177
1790,16,177
1356,16,177
1739,16,177
1820,16,177
1819,16,177
1800,16,177
5988,16,177
1828,16,177
1883,16,177
1844,16,177
1848,16,177
1849,16,177
1850,16,177
1786,16,177
3020,16,177
1926,16,177
1958,16,177
2079,16,177
4679,16,177
2097,16,177
2102,16,177
5118,16,177
110,16,177
111,16,177
2162,16,177
2011,16,177
2012,16,177
2015,16,177
2016,16,177
2017,16,177
2018,16,177
2019,16,177
2020,16,177
2021,16,177
2022,16,177
2023,16,177
2024,16,177
3497,16,177
2034,16,177
2038,16,177
2039,16,177
2080,16,177
2464,16,177
2092,16,177
2126,16,177
2127,16,177
2128,16,177
2130,16,177
2131,16,177
2132,16,177
2133,16,177
2134,16,177
2135,16,177
2136,16,177
2138,16,177
2552,16,177
2150,16,177
1878,16,177
2167,16,177
1962,16,177
2168,16,177
2065,16,177
2174,16,177
2179,16,177
2180,16,177
2195,16,177
2202,16,177
2904,16,177
2226,16,177
2687,16,177
2236,16,177
3572,16,177
2248,16,177
2763,16,177
4025,16,177
2269,16,177
4049,16,177
4215,16,177
4278,16,177
2286,16,177
2290,16,177
4689,16,177
2865,16,177
2292,16,177
4692,16,177
2293,16,177
4880,16,177
2294,16,177
2880,16,177
4775,16,177
2303,16,177
2304,16,177
2306,16,177
3601,16,177
2317,16,177
2318,16,177
2324,16,177
5441,16,177
2325,16,177
2326,16,177
2328,16,177
2330,16,177
2331,16,177
2332,16,177
2333,16,177
2334,16,177
2335,16,177
2336,16,177
2337,16,177
3041,16,177
2351,16,177
3921,16,177
2354,16,177
4609,16,177
136,16,177
2378,16,177
2382,16,177
2384,16,177
2386,16,177
2387,16,177
2388,16,177
2393,16,177
2394,16,177
2396,16,177
653,16,177
2403,16,177
1709,16,177
3562,16,177
2469,16,177
2471,16,177
2170,16,177
1357,16,177
2478,16,177
2480,16,177
2265,16,177
2541,16,177
2561,16,177
2562,16,177
4290,16,177
2580,16,177
2582,16,177
2599,16,177
2514,16,177
2606,16,177
2638,16,177
2647,16,177
2669,16,177
2670,16,177
2675,16,177
2696,16,177
2709,16,177
2710,16,177
2713,16,177
3698,16,177
2728,16,177
2755,16,177
2301,16,177
2808,16,177
2811,16,177
2816,16,177
2817,16,177
2577,16,177
4661,16,177
2877,16,177
2878,16,177
1124,16,177
2921,16,177
2922,16,177
2931,16,177
2932,16,177
4526,16,177
2949,16,177
3004,16,177
3015,16,177
3022,16,177
3026,16,177
3027,16,177
3054,16,177
5971,16,177
3146,16,177
3159,16,177
3218,16,177
281,16,177
3237,16,177
494,16,177
3238,16,177
3273,16,177
3275,16,177
3277,16,177
5719,16,177
787,16,177
1190,16,177
3295,16,177
3297,16,177
3327,16,177
3328,16,177
213,16,177
3800,16,177
3364,16,177
3404,16,177
3408,16,177
6014,16,177
3414,16,177
3419,16,177
3420,16,177
3793,16,177
3462,16,177
3475,16,177
3478,16,177
3524,16,177
6096,16,177
3535,16,177
3538,16,177
3542,16,177
3543,16,177
4176,16,177
6305,16,177
3546,16,177
3548,16,177
5750,16,177
3549,16,177
3550,16,177
3551,16,177
3552,16,177
3553,16,177
5775,16,177
5786,16,177
3556,16,177
3557,16,177
3558,16,177
78,16,177
3575,16,177
3576,16,177
6086,16,177
6090,16,177
123,16,177
3642,16,177
2588,16,177
3657,16,177
3658,16,177
3859,16,177
2099,16,177
3709,16,177
3711,16,177
2115,16,177
3713,16,177
3714,16,177
3716,16,177
2194,16,177
3719,16,177
3738,16,177
2531,16,177
3739,16,177
3740,16,177
3741,16,177
2557,16,177
3824,16,177
3888,16,177
3893,16,177
597,16,177
5616,16,177
3959,16,177
3960,16,177
3968,16,177
3969,16,177
3970,16,177
490,16,177
3992,16,177
3998,16,177
750,16,177
3999,16,177
4000,16,177
823,16,177
4013,16,177
4014,16,177
4081,16,177
4084,16,177
4086,16,177
4572,16,177
4101,16,177
2123,16,177
4107,16,177
4108,16,177
4113,16,177
4122,16,177
2392,16,177
4129,16,177
4130,16,177
4141,16,177
4149,16,177
4150,16,177
4185,16,177
4240,16,177
4251,16,177
4252,16,177
4274,16,177
4285,16,177
5191,16,177
4301,16,177
4305,16,177
4310,16,177
4320,16,177
4327,16,177
5905,16,177
4431,16,177
4750,16,177
6246,16,177
161,16,177
6259,16,177
4434,16,177
1738,16,177
4454,16,177
4463,16,177
4464,16,177
271,16,177
279,16,177
4538,16,177
1887,16,177
4539,16,177
4541,16,177
4544,16,177
4569,16,177
4579,16,177
2204,16,177
4581,16,177
4584,16,177
4586,16,177
4415,16,177
2385,16,177
2420,16,177
2446,16,177
4600,16,177
5202,16,177
2551,16,177
5215,16,177
2719,16,177
4623,16,177
4628,16,177
4645,16,177
4018,16,177
4663,16,177
4665,16,177
2186,16,177
4680,16,177
5298,16,177
4728,16,177
4762,16,177
4769,16,177
636,16,177
4803,16,177
2535,16,177
2569,16,177
4809,16,177
4810,16,177
1153,16,177
1174,16,177
4812,16,177
1332,16,177
1855,16,177
4855,16,177
4864,16,177
4866,16,177
2276,16,177
4877,16,177
4110,16,177
4881,16,177
4882,16,177
4883,16,177
4119,16,177
4892,16,177
2772,16,177
4898,16,177
4899,16,177
4900,16,177
4902,16,177
4123,16,177
4908,16,177
4910,16,177
2954,16,177
4911,16,177
4912,16,177
1260,16,177
4913,16,177
4914,16,177
2974,16,177
2977,16,177
4132,16,177
4922,16,177
3450,16,177
4143,16,177
4929,16,177
4962,16,177
4152,16,177
4964,16,177
4965,16,177
4166,16,177
4169,16,177
4985,16,177
4986,16,177
2985,16,177
5334,16,177
4990,16,177
4991,16,177
4999,16,177
5473,16,177
5001,16,177
5003,16,177
5487,16,177
5491,16,177
5006,16,177
5029,16,177
5045,16,177
5057,16,177
3396,16,177
5073,16,177
5079,16,177
5081,16,177
5082,16,177
1239,16,177
5164,16,177
5171,16,177
5172,16,177
2296,16,177
5177,16,177
5179,16,177
6002,16,177
2494,16,177
2501,16,177
5186,16,177
5187,16,177
2549,16,177
2566,16,177
5193,16,177
5203,16,177
4984,16,177
4276,16,177
5204,16,177
5205,16,177
5206,16,177
5207,16,177
5218,16,177
5269,16,177
5365,16,177
4292,16,177
5413,16,177
9,16,177
5430,16,177
5436,16,177
4216,16,177
5443,16,177
5450,16,177
5474,16,177
5516,16,177
5525,16,177
4329,16,177
5595,16,177
5611,16,177
2260,16,177
1968,16,177
5649,16,177
5705,16,177
2702,16,177
5736,16,177
5737,16,177
5738,16,177
5740,16,177
5741,16,177
5742,16,177
5743,16,177
5745,16,177
5746,16,177
5762,16,177
5777,16,177
5788,16,177
5789,16,177
5792,16,177
5801,16,177
4987,16,177
5813,16,177
2546,16,177
4694,16,177
5839,16,177
5844,16,177
5341,16,177
5863,16,177
5865,16,177
5875,16,177
5890,16,177
5895,16,177
130,16,177
132,16,177
5915,16,177
5916,16,177
5985,16,177
5987,16,177
5991,16,177
5993,16,177
5994,16,177
5995,16,177
3480,16,177
6066,16,177
4501,16,177
6067,16,177
6098,16,177
4704,16,177
6115,16,177
6130,16,177
6131,16,177
5703,16,177
6235,16,177
6245,16,177
6260,16,177
6261,16,177
6262,16,177
4564,16,177
6265,16,177
6266,16,177
6270,16,177
6310,16,177
6313,16,177
6323,16,177
1164,16,177
60,16,177
61,16,177
62,16,177
63,16,177
64,16,177
66,16,177
67,16,177
68,16,177
73,16,177
69,16,177
70,16,177
4580,16,177
71,16,177
72,16,177
1180,16,177
121,16,177
138,16,177
150,16,177
1467,16,177
340,16,177
167,16,177
4631,16,177
6085,16,177
2389,16,177
3706,16,177
207,16,177
215,16,177
4298,16,177
4655,16,177
4658,16,177
4662,16,177
229,16,177
232,16,177
233,16,177
234,16,177
238,16,177
242,16,177
246,16,177
272,16,177
273,16,177
274,16,177
304,16,177
307,16,177
311,16,177
312,16,177
322,16,177
5641,16,177
329,16,177
330,16,177
5871,16,177
347,16,177
357,16,177
1157,16,177
5098,16,177
1167,16,177
1161,16,177
428,16,177
440,16,177
141,16,177
469,16,177
210,16,177
221,16,177
480,16,177
482,16,177
253,16,177
488,16,177
492,16,177
493,16,177
502,16,177
4688,16,177
4690,16,177
546,16,177
549,16,177
548,16,177
4703,16,177
556,16,177
602,16,177
1924,16,177
1382,16,177
617,16,177
618,16,177
2975,16,177
622,16,177
1448,16,177
644,16,177
648,16,177
2616,16,177
2682,16,177
690,16,177
696,16,177
3064,16,177
700,16,177
702,16,177
706,16,177
710,16,177
721,16,177
726,16,177
1611,16,177
4729,16,177
733,16,177
5375,16,177
743,16,177
747,16,177
748,16,177
749,16,177
753,16,177
754,16,177
755,16,177
757,16,177
759,16,177
761,16,177
1767,16,177
797,16,177
799,16,177
6120,16,177
860,16,177
355,16,177
506,16,177
2029,16,177
904,16,177
1301,16,177
1464,16,177
1681,16,177
1081,16,177
1088,16,177
2238,16,177
2453,16,177
1102,16,177
2266,16,177
1152,16,177
1185,16,177
4103,16,177
2410,16,177
1214,16,177
1215,16,177
1219,16,177
1222,16,177
1266,16,177
1225,16,177
1226,16,177
4839,16,177
4840,16,177
2521,16,177
1252,16,177
1255,16,177
1717,16,177
6040,16,177
4853,16,177
6047,16,177
1304,16,177
1305,16,177
4872,16,177
1344,16,177
1365,16,177
1380,16,177
1385,16,177
1386,16,177
1726,16,177
1416,16,177
1418,16,177
1419,16,177
1430,16,177
1439,16,177
2587,16,177
2229,16,177
1507,16,177
1514,16,177
1517,16,177
1533,16,177
1548,16,177
4735,16,177
1585,16,177
1586,16,177
1587,16,177
1588,16,177
1589,16,177
5361,16,177
1590,16,177
1591,16,177
5391,16,177
1596,16,177
1608,16,177
1614,16,177
5845,16,177
1624,16,177
2499,16,177
6038,16,177
1639,16,177
5002,16,177
1641,16,177
1643,16,177
1644,16,177
65,16,177
3729,16,177
290,16,177
1654,16,177
1655,16,177
497,16,177
1714,16,177
2230,16,177
1762,16,177
2976,16,177
4177,16,177
3390,16,177
4733,16,177
4221,16,177
3424,16,177
4245,16,177
1791,16,177
1792,16,177
1796,16,177
3854,16,177
4865,16,177
4325,16,177
4125,16,177
4136,16,177
1811,16,177
1812,16,177
1813,16,177
1817,16,177
1818,16,177
4368,16,177
1832,16,177
1842,16,177
1868,16,177
1874,16,177
1876,16,177
4555,16,177
5466,16,177
1882,16,177
1884,16,177
5091,16,177
5093,16,177
5092,16,177
1894,16,177
1896,16,177
1897,16,177
5959,16,177
1902,16,177
1903,16,177
172,16,177
1919,16,177
297,16,177
746,16,177
5107,16,177
1963,16,177
565,16,177
1974,16,177
1975,16,177
1976,16,177
1751,16,177
4816,16,177
1977,16,177
1979,16,177
1980,16,177
4954,16,177
1993,16,177
4289,16,177
5130,16,177
5146,16,177
2032,16,177
2891,16,177
2041,16,177
2042,16,177
3371,16,177
2043,16,177
2044,16,177
5160,16,177
2061,16,177
2064,16,177
2066,16,177
2164,16,177
4126,16,177
2112,16,177
2117,16,177
2119,16,177
2122,16,177
2124,16,177
5197,16,177
5806,16,177
2156,16,177
2191,16,177
89,16,177
2192,16,177
2193,16,177
5651,16,177
2197,16,177
2201,16,177
639,16,177
692,16,177
2211,16,177
2215,16,177
2216,16,177
2217,16,177
2218,16,177
2219,16,177
2220,16,177
768,16,177
2234,16,177
5216,16,177
2240,16,177
2249,16,177
2250,16,177
2251,16,177
2253,16,177
2255,16,177
2256,16,177
2257,16,177
1351,16,177
5325,16,177
2261,16,177
5831,16,177
2291,16,177
4947,16,177
2314,16,177
2373,16,177
2364,16,177
2033,16,177
2407,16,177
5262,16,177
2444,16,177
4952,16,177
3046,16,177
2477,16,177
6326,16,177
2506,16,177
2507,16,177
2513,16,177
2536,16,177
2550,16,177
2558,16,177
2559,16,177
188,16,177
1552,16,177
199,16,177
2571,16,177
2625,16,177
2637,16,177
441,16,177
2704,16,177
2632,16,177
2717,16,177
713,16,177
2727,16,177
2737,16,177
4465,16,177
4491,16,177
2753,16,177
2754,16,177
2756,16,177
2760,16,177
2761,16,177
2762,16,177
2800,16,177
2801,16,177
5396,16,177
2803,16,177
6314,16,177
2834,16,177
2836,16,177
134,16,177
2853,16,177
718,16,177
2867,16,177
1338,16,177
2879,16,177
2883,16,177
2884,16,177
2901,16,177
2919,16,177
2920,16,177
2946,16,177
2960,16,177
3052,16,177
3068,16,177
3072,16,177
3670,16,177
3683,16,177
3093,16,177
3761,16,177
3224,16,177
5679,16,177
3244,16,177
4511,16,177
3289,16,177
5445,16,177
3310,16,177
3311,16,177
3314,16,177
3317,16,177
5552,16,177
3318,16,177
3320,16,177
3321,16,177
5564,16,177
3322,16,177
1645,16,177
5591,16,177
5594,16,177
2121,16,177
3325,16,177
3340,16,177
1700,16,177
3359,16,177
5471,16,177
3366,16,177
3389,16,177
1830,16,177
1886,16,177
3460,16,177
3461,16,177
3469,16,177
3472,16,177
3473,16,177
3474,16,177
3493,16,177
3495,16,177
3502,16,177
3506,16,177
3564,16,177
3569,16,177
3570,16,177
4175,16,177
3602,16,177
3641,16,177
3661,16,177
3662,16,177
3668,16,177
3671,16,177
2864,16,177
3688,16,177
4764,16,177
6012,16,177
5563,16,177
3718,16,177
3724,16,177
2344,16,177
3735,16,177
3759,16,177
626,16,177
628,16,177
631,16,177
3841,16,177
3842,16,177
3843,16,177
1234,16,177
3911,16,177
3913,16,177
3944,16,177
3965,16,177
3971,16,177
2742,16,177
3981,16,177
3997,16,177
4139,16,177
4179,16,177
4180,16,177
4194,16,177
4225,16,177
4236,16,177
4238,16,177
4242,16,177
4340,16,177
2610,16,177
4356,16,177
4357,16,177
5697,16,177
669,16,177
2307,16,177
4488,16,177
4490,16,177
5779,16,177
5781,16,177
2984,16,177
4500,16,177
4547,16,177
4548,16,177
4549,16,177
5832,16,177
4561,16,177
4430,16,177
4457,16,177
5843,16,177
4576,16,177
4418,16,177
5857,16,177
5859,16,177
5898,16,177
4633,16,177
5900,16,177
4641,16,177
1224,16,177
1530,16,177
1746,16,177
4705,16,177
4708,16,177
4718,16,177
4725,16,177
2086,16,177
2244,16,177
4243,16,177
5176,16,177
4734,16,177
4740,16,177
4763,16,177
4796,16,177
5421,16,177
4806,16,177
4835,16,177
4859,16,177
5565,16,177
5972,16,177
4887,16,177
5721,16,177
5722,16,177
4949,16,177
5159,16,177
4956,16,177
4963,16,177
5908,16,177
4970,16,177
4971,16,177
4972,16,177
4973,16,177
5020,16,177
5021,16,177
4938,16,177
5034,16,177
1764,16,177
5088,16,177
5102,16,177
5109,16,177
5110,16,177
5119,16,177
5147,16,177
5156,16,177
5163,16,177
5181,16,177
5199,16,177
5217,16,177
5299,16,177
4283,16,177
5303,16,177
5774,16,177
6283,16,177
6284,16,177
5316,16,177
5321,16,177
5433,16,177
5435,16,177
5783,16,177
5442,16,177
5451,16,177
5495,16,177
5503,16,177
5504,16,177
5513,16,177
5544,16,177
5545,16,177
5548,16,177
1527,16,177
5556,16,177
5920,16,177
4790,16,177
5557,16,177
261,16,177
5570,16,177
2063,16,177
5614,16,177
5627,16,177
5652,16,177
5657,16,177
2035,16,177
3362,16,177
3367,16,177
3368,16,177
5735,16,177
5747,16,177
5748,16,177
4731,16,177
5752,16,177
5753,16,177
5754,16,177
5760,16,177
5763,16,177
10,16,177
5793,16,177
5798,16,177
6078,16,177
5799,16,177
5803,16,177
5812,16,177
2636,16,177
6281,16,177
5815,16,177
5816,16,177
2342,16,177
5879,16,177
5880,16,177
5883,16,177
1482,16,177
5892,16,177
5893,16,177
1273,16,177
5933,16,177
2572,16,177
5966,16,177
5967,16,177
5999,16,177
3929,16,177
6142,16,177
6056,16,177
6059,16,177
6060,16,177
6073,16,177
6084,16,177
6088,16,177
6100,16,177
6101,16,177
6166,16,177
6171,16,177
50,16,177
6197,16,177
6219,16,177
6271,16,177
6287,16,177
3454,16,177
6295,16,177
6299,16,177
6301,16,177
1912,16,177
32,16,177
1959,16,177
37,16,177
46,16,177
2886,16,177
6298,16,177
6300,16,177
6303,16,177
6307,16,177
96,16,177
97,16,177
3544,16,177
99,16,177
100,16,177
3563,16,177
102,16,177
103,16,177
104,16,177
105,16,177
106,16,177
107,16,177
129,16,177
1324,16,177
163,16,177
2757,16,177
173,16,177
184,16,177
1864,16,177
1866,16,177
4637,16,177
216,16,177
218,16,177
222,16,177
223,16,177
225,16,177
226,16,177
240,16,177
260,16,177
264,16,177
269,16,177
2402,16,177
5688,16,177
333,16,177
343,16,177
385,16,177
2159,16,177
411,16,177
416,16,177
418,16,177
1712,16,177
485,16,177
491,16,177
2380,16,177
522,16,177
2676,16,177
553,16,177
557,16,177
580,16,177
594,16,177
608,16,177
609,16,177
613,16,177
615,16,177
616,16,177
619,16,177
620,16,177
624,16,177
621,16,177
623,16,177
2721,16,177
39,16,177
643,16,177
4568,16,177
645,16,177
646,16,177
647,16,177
671,16,177
5192,16,177
751,16,177
51,16,177
756,16,177
758,16,177
6019,16,177
818,16,177
224,16,177
820,16,177
821,16,177
319,16,177
836,16,177
838,16,177
839,16,177
840,16,177
841,16,177
842,16,177
849,16,177
873,16,177
1435,16,177
1444,16,177
1446,16,177
1447,16,177
1774,16,177
1495,16,177
1829,16,177
1058,16,177
1059,16,177
3018,16,177
1123,16,177
82,16,177
1127,16,177
83,16,177
84,16,177
1133,16,177
1134,16,177
3393,16,177
1135,16,177
1136,16,177
3412,16,177
1137,16,177
1138,16,177
1139,16,177
1140,16,177
1141,16,177
1145,16,177
3484,16,177
1151,16,177
1177,16,177
4939,16,177
3624,16,177
112,16,177
1208,16,177
1209,16,177
1210,16,177
1212,16,177
5573,16,177
1228,16,177
5608,16,177
4271,16,177
5702,16,177
1229,16,177
1230,16,177
6308,16,177
1254,16,177
1257,16,177
4499,16,177
127,16,177
822,16,177
1340,16,177
1345,16,177
1346,16,177
5178,16,177
1379,16,177
1383,16,177
1406,16,177
2200,16,177
147,16,177
2239,16,177
1413,16,177
1414,16,177
1415,16,177
1420,16,177
1421,16,177
1424,16,177
1437,16,177
152,16,177
1497,16,177
1498,16,177
1499,16,177
1501,16,177
1502,16,177
1503,16,177
1510,16,177
1522,16,177
1524,16,177
1525,16,177
1553,16,177
1594,16,177
4857,16,177
1598,16,177
4907,16,177
5377,16,177
1613,16,177
5432,16,177
1621,16,177
1622,16,177
1623,16,177
2109,16,177
1666,16,177
1682,16,177
1683,16,177
1684,16,177
1693,16,177
1723,16,177
1727,16,177
1735,16,177
1736,16,177
198,16,177
1679,16,177
1743,16,177
1744,16,177
1745,16,177
1757,16,177
2125,16,177
1773,16,177
1777,16,177
1778,16,177
1803,16,177
2628,16,177
1862,16,177
1863,16,177
1865,16,177
1891,16,177
1893,16,177
1907,16,177
1913,16,177
1947,16,177
1948,16,177
251,16,177
156,16,177
2003,16,177
2004,16,177
2005,16,177
2006,16,177
262,16,177
2026,16,177
2046,16,177
2048,16,177
2054,16,177
2055,16,177
2067,16,177
2068,16,177
2070,16,177
2078,16,177
2100,16,177
2101,16,177
2106,16,177
2107,16,177
2152,16,177
2153,16,177
2161,16,177
2175,16,177
2177,16,177
2178,16,177
1760,16,177
2205,16,177
2207,16,177
5095,16,177
2233,16,177
2235,16,177
5114,16,177
2350,16,177
2241,16,177
2455,16,177
2277,16,177
5015,16,177
481,16,177
2278,16,177
2279,16,177
2280,16,177
2166,16,177
2281,16,177
2282,16,177
2283,16,177
2457,16,177
164,16,177
2312,16,177
2376,16,177
2400,16,177
2406,16,177
2703,16,177
4732,16,177
564,16,177
2456,16,177
2522,16,177
2465,16,177
2589,16,177
2490,16,177
2497,16,177
1268,16,177
2504,16,177
3523,16,177
2512,16,177
4024,16,177
2527,16,177
2533,16,177
2534,16,177
4044,16,177
4051,16,177
2544,16,177
2576,16,177
4879,16,177
2591,16,177
2592,16,177
2593,16,177
610,16,177
2619,16,177
2620,16,177
2621,16,177
2629,16,177
2644,16,177
1328,16,177
2649,16,177
2650,16,177
2651,16,177
1704,16,177
2656,16,177
670,16,177
3750,16,177
2750,16,177
2782,16,177
2789,16,177
2814,16,177
2815,16,177
2835,16,177
2837,16,177
5025,16,177
2869,16,177
2894,16,177
2961,16,177
2971,16,177
2988,16,177
2997,16,177
168,16,177
2627,16,177
3003,16,177
3005,16,177
3028,16,177
3032,16,177
3034,16,177
3035,16,177
845,16,177
1193,16,177
3065,16,177
3066,16,177
1488,16,177
3130,16,177
3271,16,177
5642,16,177
3281,16,177
2090,16,177
3283,16,177
3299,16,177
2856,16,177
3338,16,177
3160,16,177
162,16,177
3353,16,177
1491,16,177
3374,16,177
3682,16,177
740,16,177
3379,16,177
3380,16,177
3381,16,177
3382,16,177
3383,16,177
4607,16,177
3481,16,177
2208,16,177
3536,16,177
3537,16,177
4105,16,177
3545,16,177
149,16,177
3586,16,177
3587,16,177
5145,16,177
5689,16,177
1638,16,177
1668,16,177
3726,16,177
3727,16,177
3776,16,177
3777,16,177
2082,16,177
3780,16,177
767,16,177
3781,16,177
2087,16,177
3782,16,177
3783,16,177
3784,16,177
3785,16,177
3787,16,177
3789,16,177
5770,16,177
3986,16,177
3791,16,177
3792,16,177
3872,16,177
5035,16,177
3904,16,177
3906,16,177
5948,16,177
3931,16,177
4696,16,177
3934,16,177
4214,16,177
3935,16,177
3936,16,177
3937,16,177
3956,16,177
4553,16,177
774,16,177
6005,16,177
4669,16,177
2113,16,177
4742,16,177
5026,16,177
581,16,177
5648,16,177
5877,16,177
2254,16,177
6231,16,177
6276,16,177
6325,16,177
4111,16,177
4112,16,177
871,16,177
4156,16,177
4200,16,177
4201,16,177
4202,16,177
142,16,177
4232,16,177
4246,16,177
4256,16,177
300,16,177
4281,16,177
301,16,177
335,16,177
4294,16,177
4315,16,177
4321,16,177
2365,16,177
2366,16,177
2405,16,177
4350,16,177
4351,16,177
4394,16,177
4396,16,177
4404,16,177
4405,16,177
4407,16,177
4411,16,177
4416,16,177
2927,16,177
4429,16,177
4437,16,177
4439,16,177
4440,16,177
3405,16,177
4469,16,177
4472,16,177
3826,16,177
3887,16,177
4475,16,177
4182,16,177
4206,16,177
4495,16,177
4496,16,177
4727,16,177
4565,16,177
4575,16,177
4593,16,177
4597,16,177
4608,16,177
4610,16,177
337,16,177
699,16,177
4649,16,177
4654,16,177
1166,16,177
1358,16,177
1360,16,177
1366,16,177
874,16,177
876,16,177
1966,16,177
4739,16,177
4753,16,177
4755,16,177
911,16,177
1747,16,177
4759,16,177
1713,16,177
4760,16,177
4768,16,177
4770,16,177
4771,16,177
4811,16,177
4121,16,177
4860,16,177
1985,16,177
5184,16,177
4896,16,177
4976,16,177
5903,16,177
4978,16,177
4980,16,177
5013,16,177
5037,16,177
5043,16,177
5061,16,177
5062,16,177
5069,16,177
5125,16,177
2448,16,177
5153,16,177
5188,16,177
1642,16,177
5190,16,177
2498,16,177
5209,16,177
2962,16,177
2970,16,177
2973,16,177
3029,16,177
5222,16,177
5280,16,177
3343,16,177
5307,16,177
5311,16,177
5342,16,177
5344,16,177
3806,16,177
5353,16,177
5355,16,177
5360,16,177
5394,16,177
4022,16,177
5398,16,177
5400,16,177
5401,16,177
4043,16,177
4181,16,177
5425,16,177
5427,16,177
5429,16,177
5472,16,177
5478,16,177
2771,16,177
2777,16,177
5481,16,177
5482,16,177
5501,16,177
5807,16,177
5515,16,177
6051,16,177
5714,16,177
5527,16,177
5529,16,177
5534,16,177
5535,16,177
13,16,177
5537,16,177
5543,16,177
5549,16,177
5558,16,177
5559,16,177
5918,16,177
5571,16,177
5572,16,177
5610,16,177
5615,16,177
1860,16,177
5622,16,177
5624,16,177
2051,16,177
5625,16,177
1158,16,177
1183,16,177
3567,16,177
5680,16,177
1931,16,177
5718,16,177
5720,16,177
3639,16,177
4583,16,177
5389,16,177
2502,16,177
1169,16,177
5739,16,177
6319,16,177
5759,16,177
5761,16,177
5927,16,177
5767,16,177
5768,16,177
289,16,177
5790,16,177
5800,16,177
1637,16,177
4082,16,177
1202,16,177
2104,16,177
5848,16,177
5849,16,177
3361,16,177
5926,16,177
1227,16,177
5929,16,177
5943,16,177
5946,16,177
5947,16,177
5975,16,177
5981,16,177
4592,16,177
5986,16,177
1238,16,177
5989,16,177
5990,16,177
5996,16,177
5934,16,177
5976,16,177
2172,16,177
6020,16,177
6029,16,177
6034,16,177
1244,16,177
6043,16,177
472,16,177
6046,16,177
593,16,177
1247,16,177
6061,16,177
6062,16,177
6064,16,177
6069,16,177
2390,16,177
1456,16,177
1513,16,177
1516,16,177
1836,16,177
4886,16,177
6139,16,177
1259,16,177
6240,16,177
6278,16,177
6279,16,177
3245,16,177
5038,16,177
6292,16,177
6311,16,177
6320,16,177
5121,16,177
3468,16,177
0,16,177
11,16,177
14,16,177
15,16,177
4927,16,177
4930,16,177
4794,16,177
5165,16,177
18,16,177
19,16,177
45,16,177
54,16,177
6275,16,177
59,16,177
76,16,177
316,16,177
79,16,177
595,16,177
88,16,177
90,16,177
119,16,177
120,16,177
5514,16,177
124,16,177
125,16,177
1336,16,177
128,16,177
5526,16,177
5528,16,177
131,16,177
143,16,177
157,16,177
158,16,177
159,16,177
5631,16,177
192,16,177
2084,16,177
5540,16,177
1750,16,177
2401,16,177
203,16,177
219,16,177
248,16,177
270,16,177
275,16,177
3818,16,177
283,16,177
3988,16,177
2729,16,177
305,16,177
1300,16,177
4598,16,177
323,16,177
4626,16,177
4648,16,177
348,16,177
401,16,177
412,16,177
433,16,177
449,16,177
450,16,177
451,16,177
6053,16,177
457,16,177
458,16,177
1957,16,177
483,16,177
484,16,177
486,16,177
487,16,177
498,16,177
505,16,177
528,16,177
5822,16,177
550,16,177
552,16,177
560,16,177
1314,16,177
575,16,177
577,16,177
583,16,177
584,16,177
585,16,177
588,16,177
171,16,177
591,16,177
596,16,177
249,16,177
598,16,177
599,16,177
625,16,177
627,16,177
43,16,177
629,16,177
632,16,177
813,16,177
633,16,177
5551,16,177
637,16,177
913,16,177
4767,16,177
1200,16,177
1207,16,177
1211,16,177
655,16,177
1438,16,177
657,16,177
658,16,177
659,16,177
1451,16,177
660,16,177
664,16,177
1532,16,177
665,16,177
666,16,177
667,16,177
673,16,177
1732,16,177
691,16,177
1327,16,177
601,16,177
703,16,177
704,16,177
705,16,177
708,16,177
709,16,177
711,16,177
5010,16,177
712,16,177
1969,16,177
728,16,177
729,16,177
777,16,177
780,16,177
781,16,177
782,16,177
479,16,177
574,16,177
802,16,177
805,16,177
603,16,177
4192,16,177
1691,16,177
814,16,177
835,16,177
843,16,177
5116,16,177
855,16,177
739,16,177
861,16,177
866,16,177
889,16,177
890,16,177
6112,16,177
6272,16,177
832,16,177
903,16,177
906,16,177
908,16,177
1635,16,177
886,16,177
1045,16,177
877,16,177
350,16,177
883,16,177
909,16,177
1067,16,177
1068,16,177
6036,16,177
1113,16,177
1122,16,177
1131,16,177
1148,16,177
1149,16,177
1165,16,177
1398,16,177
1106,16,177
1173,16,177
1197,16,177
1198,16,177
5023,16,177
2683,16,177
1288,16,177
1223,16,177
1216,16,177
1335,16,177
1250,16,177
1256,16,177
3757,16,177
1284,16,177
5085,16,177
727,16,177
1312,16,177
1317,16,177
1318,16,177
766,16,177
5782,16,177
5784,16,177
5785,16,177
1677,16,177
1703,16,177
6039,16,177
1329,16,177
1331,16,177
6080,16,177
1349,16,177
1350,16,177
1352,16,177
1353,16,177
1354,16,177
1355,16,177
214,16,177
1363,16,177
5878,16,177
1368,16,177
1370,16,177
1372,16,177
1373,16,177
338,16,177
1753,16,177
1375,16,177
1376,16,177
559,16,177
614,16,177
1384,16,177
837,16,177
1129,16,177
6041,16,177
1426,16,177
1436,16,177
1478,16,177
2458,16,177
4595,16,177
1480,16,177
1449,16,177
1515,16,177
1518,16,177
4056,16,177
1569,16,177
1607,16,177
1719,16,177
1627,16,177
1628,16,177
1629,16,177
1452,16,177
1630,16,177
5105,16,177
2209,16,177
1636,16,177
174,16,177
1686,16,177
4889,16,177
2357,16,177
4172,16,177
5630,16,177
2381,16,177
2484,16,177
1758,16,177
2543,16,177
6229,16,177
1481,16,177
1766,16,177
1775,16,177
1784,16,177
1797,16,177
1793,16,177
1807,16,177
1808,16,177
1809,16,177
1814,16,177
1815,16,177
2654,16,177
1822,16,177
1824,16,177
2652,16,177
3411,16,177
3415,16,177
3426,16,177
3443,16,177
1494,16,177
1833,16,177
1839,16,177
1854,16,177
5921,16,177
1870,16,177
1873,16,177
1880,16,177
1899,16,177
1900,16,177
1909,16,177
4714,16,177
1923,16,177
2895,16,177
5060,16,177
1935,16,177
1950,16,177
5475,16,177
5716,16,177
48,16,177
1998,16,177
1999,16,177
2052,16,177
2074,16,177
2077,16,177
2081,16,177
2093,16,177
2098,16,177
2108,16,177
1869,16,177
2163,16,177
3809,16,177
2169,16,177
2567,16,177
2187,16,177
1142,16,177
95,16,177
2579,16,177
3699,16,177
2228,16,177
4159,16,177
4085,16,177
4100,16,177
4330,16,177
4335,16,177
4187,16,177
2258,16,177
2259,16,177
4213,16,177
2263,16,177
2284,16,177
2288,16,177
4297,16,177
2300,16,177
2302,16,177
2308,16,177
2309,16,177
5635,16,177
1192,16,177
2320,16,177
56,16,177
2343,16,177
2345,16,177
2352,16,177
638,16,177
2359,16,177
2362,16,177
2372,16,177
2408,16,177
2409,16,177
2445,16,177
2449,16,177
2450,16,177
2452,16,177
2475,16,177
2523,16,177
2525,16,177
1632,16,177
146,16,177
2488,16,177
2496,16,177
3681,16,177
2850,16,177
2503,16,177
2981,16,177
2508,16,177
2509,16,177
2510,16,177
2524,16,177
3722,16,177
2537,16,177
2538,16,177
2539,16,177
3946,16,177
2556,16,177
4643,16,177
5011,16,177
1650,16,177
5032,16,177
856,16,177
6054,16,177
2671,16,177
2678,16,177
6208,16,177
6256,16,177
2692,16,177
247,16,177
2698,16,177
4209,16,177
1659,16,177
2731,16,177
2735,16,177
2748,16,177
4542,16,177
1665,16,177
2767,16,177
2769,16,177
2780,16,177
2781,16,177
4554,16,177
1934,16,177
2793,16,177
2795,16,177
2797,16,177
2085,16,177
2804,16,177
2805,16,177
2267,16,177
2820,16,177
2830,16,177
2672,16,177
2839,16,177
2840,16,177
5717,16,177
1676,16,177
2871,16,177
2874,16,177
3894,16,177
2876,16,177
1195,16,177
3448,16,177
1196,16,177
2885,16,177
2887,16,177
2888,16,177
2889,16,177
2900,16,177
2907,16,177
2934,16,177
2937,16,177
2939,16,177
2940,16,177
2634,16,177
2999,16,177
5008,16,177
5901,16,177
3012,16,177
3013,16,177
5910,16,177
3040,16,177
3042,16,177
5974,16,177
5882,16,177
3083,16,177
6134,16,177
6021,16,177
3195,16,177
6068,16,177
5030,16,177
3276,16,177
1698,16,177
3278,16,177
3279,16,177
3280,16,177
769,16,177
3282,16,177
3287,16,177
555,16,177
6152,16,177
3288,16,177
3293,16,177
3294,16,177
1243,16,177
1286,16,177
3312,16,177
3335,16,177
3344,16,177
12,16,177
3363,16,177
2001,16,177
3398,16,177
3417,16,177
2137,16,177
2146,16,177
3422,16,177
3423,16,177
3433,16,177
3435,16,177
3436,16,177
3442,16,177
3449,16,177
3464,16,177
126,16,177
3501,16,177
202,16,177
3507,16,177
208,16,177
3517,16,177
3519,16,177
3527,16,177
3547,16,177
4468,16,177
3573,16,177
3574,16,177
3594,16,177
3595,16,177
3598,16,177
4837,16,177
3614,16,177
3654,16,177
600,16,177
3655,16,177
3707,16,177
1720,16,177
3730,16,177
295,16,177
3743,16,177
1754,16,177
3798,16,177
3801,16,177
2083,16,177
1670,16,177
1783,16,177
3850,16,177
2050,16,177
3863,16,177
3864,16,177
3871,16,177
3889,16,177
3895,16,177
3901,16,177
3905,16,177
3908,16,177
3914,16,177
1881,16,177
3958,16,177
3963,16,177
1895,16,177
3989,16,177
4005,16,177
5881,16,177
4036,16,177
4037,16,177
3470,16,177
1718,16,177
4048,16,177
4057,16,177
4083,16,177
3512,16,177
4095,16,177
6268,16,177
4102,16,177
1994,16,177
4124,16,177
3583,16,177
4153,16,177
4196,16,177
4536,16,177
4233,16,177
4255,16,177
4257,16,177
4258,16,177
4260,16,177
4270,16,177
3932,16,177
2978,16,177
3345,16,177
4295,16,177
2980,16,177
5488,16,177
4304,16,177
4324,16,177
3966,16,177
4326,16,177
4363,16,177
4364,16,177
4372,16,177
6254,16,177
4375,16,177
4035,16,177
2595,16,177
6,16,177
40,16,177
3298,16,177
4402,16,177
4403,16,177
265,16,177
4066,16,177
4428,16,177
675,16,177
4436,16,177
4478,16,177
4479,16,177
4480,16,177
3925,16,177
4486,16,177
1928,16,177
4559,16,177
4560,16,177
3525,16,177
4616,16,177
4617,16,177
4646,16,177
5194,16,177
4603,16,177
4666,16,177
4671,16,177
1949,16,177
4675,16,177
6015,16,177
6028,16,177
4685,16,177
4686,16,177
4687,16,177
4698,16,177
4724,16,177
4736,16,177
1872,16,177
5063,16,177
4765,16,177
4780,16,177
4787,16,177
4789,16,177
5195,16,177
4807,16,177
4808,16,177
5220,16,177
4815,16,177
4874,16,177
4875,16,177
4909,16,177
4959,16,177
4996,16,177
5936,16,177
5058,16,177
5059,16,177
5067,16,177
5097,16,177
5554,16,177
5123,16,177
5133,16,177
5808,16,177
5134,16,177
5144,16,177
5151,16,177
5155,16,177
5166,16,177
4602,19,177
1798,19,177
1662,19,177
2327,19,177
2603,21,177
1944,21,177
2666,21,177
3155,21,177
5039,23,177
4570,23,177
4571,23,177
114,23,177
3903,23,177
3765,23,177
5028,23,177
5376,23,177
5701,23,177
4814,23,177
5196,23,177
1417,23,177
4261,23,177
346,23,177
2924,23,177
1108,23,177
81,23,177
1492,23,177
1422,23,177
4747,23,177
1422,25,177
1801,27,177
2447,27,177
3962,33,177
292,35,177
1080,35,177
2956,35,177
2825,35,177
1462,35,177
1359,35,177
651,35,177
1389,35,177
3945,35,177
1612,35,177
41,35,177
1733,35,177
1470,35,177
1885,35,177
1888,35,177
1951,35,177
2145,35,177
1297,35,177
1342,35,177
2600,35,177
1520,35,177
1521,35,177
4188,35,177
3268,35,177
1828,35,177
3456,35,177
3458,35,177
3503,35,177
3625,35,177
3823,35,177
4679,35,177
3918,35,177
5279,35,177
3922,35,177
2007,35,177
4106,35,177
2080,35,177
2483,35,177
4234,35,177
2150,35,177
1715,35,177
4344,35,177
4354,35,177
4386,35,177
4458,35,177
4482,35,177
2687,35,177
3577,35,177
4619,35,177
4630,35,177
3676,35,177
4721,35,177
2290,35,177
2865,35,177
3610,35,177
5912,35,177
2384,35,177
5048,35,177
5050,35,177
5055,35,177
1550,35,177
3644,35,177
3651,35,177
2480,35,177
2265,35,177
2486,35,177
5772,35,177
2638,35,177
2710,35,177
6074,35,177
92,35,177
5046,35,177
108,35,177
2921,35,177
2922,35,177
2947,35,177
604,35,177
5480,35,177
672,35,177
4573,35,177
773,35,177
3275,35,177
3277,35,177
5719,35,177
1125,35,177
1221,35,177
3420,35,177
78,35,177
6288,35,177
123,35,177
3642,35,177
204,35,177
331,35,177
1946,35,177
2555,35,177
4419,35,177
2198,35,177
3890,35,177
5616,35,177
3899,35,177
2472,35,177
1804,35,177
4081,35,177
4086,35,177
2646,35,177
2680,35,177
3036,35,177
3037,35,177
4310,35,177
3349,35,177
1737,35,177
3961,35,177
3438,35,177
1837,35,177
4409,35,177
2385,35,177
3756,35,177
3779,35,177
4018,35,177
3955,35,177
4663,35,177
4033,35,177
4664,35,177
4769,35,177
4864,35,177
4591,35,177
2411,35,177
2707,35,177
3765,35,177
4143,35,177
4964,35,177
4982,35,177
2985,35,177
5086,35,177
2297,35,177
5177,35,177
3976,35,177
1109,35,177
2494,35,177
5712,35,177
3593,35,177
5780,35,177
5322,35,177
5345,35,177
5426,35,177
4248,35,177
6165,35,177
5470,35,177
5474,35,177
6312,35,177
6317,35,177
4588,35,177
87,35,177
266,35,177
4366,35,177
4941,35,177
641,35,177
5789,35,177
674,35,177
693,35,177
5801,35,177
701,35,177
4987,35,177
817,35,177
852,35,177
1699,35,177
4920,35,177
6323,35,177
1858,35,177
1144,35,177
2196,35,177
2009,35,177
2010,35,177
2013,35,177
2028,35,177
2841,35,177
3882,35,177
2252,35,177
241,35,177
2264,35,177
298,35,177
5872,35,177
2459,35,177
2460,35,177
2466,35,177
2601,35,177
2689,35,177
602,35,177
2752,35,177
617,35,177
2810,35,177
2812,35,177
2844,35,177
2482,35,177
2851,35,177
2852,35,177
2995,35,177
690,35,177
706,35,177
3067,35,177
761,35,177
762,35,177
3309,35,177
797,35,177
3744,35,177
3754,35,177
3775,35,177
3797,35,177
1102,35,177
3979,35,177
2695,35,177
4943,35,177
4651,35,177
4697,35,177
1386,35,177
1416,35,177
4805,35,177
4713,35,177
1517,35,177
5170,35,177
1599,35,177
5477,35,177
1644,35,177
1654,35,177
1660,35,177
5710,35,177
1685,35,177
4785,35,177
3424,35,177
6081,35,177
6082,35,177
3649,35,177
4325,35,177
4563,35,177
187,35,177
286,35,177
1933,35,177
1971,35,177
1749,35,177
634,35,177
635,35,177
679,35,177
863,35,177
1069,35,177
1231,35,177
5651,35,177
2201,35,177
1391,35,177
2221,35,177
5216,35,177
1450,35,177
2261,35,177
1460,35,177
2291,35,177
1528,35,177
2105,35,177
2295,35,177
5907,35,177
2454,35,177
6126,35,177
5301,35,177
139,35,177
2120,35,177
2570,35,177
2637,35,177
698,35,177
4097,35,177
2751,35,177
2834,35,177
134,35,177
2667,35,177
2691,35,177
2867,35,177
2745,35,177
2746,35,177
2764,35,177
3670,35,177
3444,35,177
3451,35,177
3311,35,177
3829,35,177
5052,35,177
5053,35,177
3723,35,177
387,35,177
5313,35,177
3816,35,177
4296,35,177
3841,35,177
2563,35,177
1689,35,177
4893,35,177
4894,35,177
5131,35,177
4225,35,177
4236,35,177
4238,35,177
5598,35,177
5805,35,177
2984,35,177
4412,35,177
5167,35,177
2368,35,177
5900,35,177
4641,35,177
1271,35,177
309,35,177
2086,35,177
5159,35,177
1063,35,177
4956,35,177
1147,35,177
1162,35,177
5835,35,177
5733,35,177
1270,35,177
1303,35,177
1306,35,177
1846,35,177
1374,35,177
2025,35,177
1381,35,177
1434,35,177
1445,35,177
2828,35,177
5208,35,177
1609,35,177
1680,35,177
1929,35,177
1952,35,177
1960,35,177
5593,35,177
2321,35,177
2578,35,177
5657,35,177
5725,35,177
5735,35,177
4731,35,177
2700,35,177
6084,35,177
6286,35,177
6166,35,177
3432,35,177
116,35,177
1845,35,177
1959,35,177
2952,35,177
4190,35,177
4207,35,177
216,35,177
4228,35,177
1,35,177
3728,35,177
231,35,177
4546,35,177
4604,35,177
4638,35,177
485,35,177
3057,35,177
828,35,177
4838,35,177
2715,35,177
4842,35,177
4843,35,177
4844,35,177
2721,35,177
35,35,177
4845,35,177
4846,35,177
36,35,177
4848,35,177
4849,35,177
687,35,177
4261,35,177
5213,35,177
5276,35,177
5308,35,177
5553,35,177
5555,35,177
1898,35,177
3873,35,177
3024,35,177
3457,35,177
1220,35,177
5573,35,177
1228,35,177
6308,35,177
2664,35,177
4644,35,177
4836,35,177
4774,35,177
896,35,177
897,35,177
4841,35,177
1038,35,177
1039,35,177
1040,35,177
4867,35,177
1041,35,177
1042,35,177
5358,35,177
1043,35,177
4907,35,177
1600,35,177
1044,35,177
1603,35,177
5698,35,177
5407,35,177
1046,35,177
1047,35,177
1048,35,177
1049,35,177
1050,35,177
1051,35,177
5378,35,177
5377,35,177
1052,35,177
1053,35,177
1054,35,177
1055,35,177
1989,35,177
1056,35,177
1057,35,177
1604,35,177
1064,35,177
1096,35,177
5432,35,177
1723,35,177
1487,35,177
1618,35,177
1794,35,177
2641,35,177
1648,35,177
1657,35,177
1728,35,177
1755,35,177
1904,35,177
1816,35,177
6273,35,177
4265,35,177
31,35,177
1927,35,177
179,35,177
156,35,177
2047,35,177
2030,35,177
2732,35,177
2733,35,177
3509,35,177
3962,35,177
3663,35,177
2176,35,177
6263,35,177
3982,35,177
2406,35,177
4433,35,177
2522,35,177
2738,35,177
2490,35,177
4558,35,177
3582,35,177
3395,35,177
3399,35,177
3406,35,177
5795,35,177
4590,35,177
670,35,177
5277,35,177
5302,35,177
5422,35,177
2743,35,177
5834,35,177
5911,35,177
5923,35,177
716,35,177
5978,35,177
523,35,177
815,35,177
3065,35,177
3283,35,177
27,35,177
4967,35,177
149,35,177
661,35,177
715,35,177
5145,35,177
4034,35,177
875,35,177
5924,35,177
2113,35,177
1474,35,177
2254,35,177
85,35,177
1740,35,177
2059,35,177
4246,35,177
1835,35,177
4411,35,177
2927,35,177
2049,35,177
4206,35,177
2088,35,177
2091,35,177
4727,35,177
2181,35,177
337,35,177
2485,35,177
3062,35,177
4868,35,177
3101,35,177
3477,35,177
576,35,177
2725,35,177
2262,35,177
3554,35,177
3760,35,177
2448,35,177
5182,35,177
2617,35,177
3029,35,177
3900,35,177
4181,35,177
5415,35,177
4219,35,177
1108,35,177
4462,35,177
5536,35,177
4481,35,177
4483,35,177
2574,35,177
4720,35,177
4862,35,177
4779,35,177
4781,35,177
5017,35,177
5767,35,177
6198,35,177
3991,35,177
4184,35,177
3017,35,177
4426,35,177
3055,35,177
5862,35,177
5906,35,177
5950,35,177
4562,35,177
5977,35,177
5992,35,177
5996,35,177
6048,35,177
81,35,177
5724,35,177
4670,35,177
6032,35,177
6034,35,177
1242,35,177
21,35,177
6076,35,177
144,35,177
1259,35,177
354,35,177
6289,35,177
410,35,177
5121,35,177
14,35,177
18,35,177
42,35,177
6097,35,177
5431,35,177
5550,35,177
1171,35,177
143,35,177
158,35,177
219,35,177
4626,35,177
6293,35,177
5129,35,177
249,35,177
913,35,177
1981,35,177
835,35,177
1181,35,177
2476,35,177
2481,35,177
4369,35,177
832,35,177
907,35,177
4373,35,177
1011,35,177
2565,35,177
1827,35,177
1165,35,177
2779,35,177
2784,35,177
2785,35,177
2802,35,177
3336,35,177
3394,35,177
1317,35,177
5784,35,177
3437,35,177
3476,35,177
1422,35,177
3491,35,177
3611,35,177
1427,35,177
3597,35,177
3606,35,177
3607,35,177
520,35,177
3704,35,177
3030,35,177
3835,35,177
3836,35,177
4001,35,177
4089,35,177
1627,35,177
2209,35,177
2071,35,177
4888,35,177
4983,35,177
2663,35,177
5047,35,177
5066,35,177
6135,35,177
6007,35,177
4085,35,177
6063,35,177
4167,35,177
6117,35,177
6167,35,177
175,35,177
4636,35,177
353,35,177
2473,35,177
2474,35,177
737,35,177
1650,35,177
5765,35,177
1859,35,177
2072,35,177
1672,35,177
2672,35,177
1506,35,177
1606,35,177
5732,35,177
2876,35,177
3600,35,177
5901,35,177
1788,35,177
1687,35,177
2908,35,177
1843,35,177
3042,35,177
5974,35,177
1697,35,177
1936,35,177
6068,35,177
1955,35,177
3312,35,177
2001,35,177
3433,35,177
230,35,177
2203,35,177
126,35,177
2210,35,177
2212,35,177
235,35,177
1706,35,177
3533,35,177
2360,35,177
4766,35,177
1708,35,177
5200,35,177
642,35,177
3697,35,177
1810,35,177
4778,35,177
4870,35,177
4940,35,177
5096,35,177
1914,35,177
4230,35,177
4244,35,177
3853,35,177
314,35,177
5619,35,177
5653,35,177
265,35,177
1194,35,177
3855,35,177
446,35,177
587,35,177
686,35,177
4807,35,177
4808,35,177
4820,35,177
867,35,177
4875,35,177
1111,35,177
1274,35,177
1307,35,177
3609,39,177
1378,39,177
3817,39,177
3869,39,177
3892,39,177
3907,39,177
3909,39,177
3910,39,177
4120,39,177
4148,39,177
4241,39,177
4291,39,177
4425,39,177
3619,39,177
1995,39,177
3876,39,177
4813,39,177
3580,39,177
5052,39,177
5053,39,177
5089,39,177
5167,39,177
5232,39,177
5532,39,177
5696,39,177
3608,39,177
4034,39,177
2666,39,177
6127,39,177
2860,39,177
6315,39,177
1454,39,177
86,39,177
5596,39,177
230,39,177
313,39,177
314,39,177
529,39,177
532,39,177
611,41,177
1182,42,177
153,0,154
153,1,3811
153,1,153
153,1,3796
153,1,3646
153,1,3621
153,1,3684
153,1,4075
153,1,182
153,1,3605
153,1,3623
153,1,5658
153,1,5659
153,2,2395
153,2,1471
153,2,2397
153,2,2398
153,2,2399
153,2,6309
153,2,1593
153,2,1397
153,2,685
153,4,2681
153,12,2712
153,15,3643
153,15,5681
153,20,785
153,23,339
153,23,4799
153,23,341
153,23,342
153,23,5637
153,34,1536
153,34,1537
153,34,1538
153,34,1458
153,34,1539
153,34,1540
153,34,1541
153,34,1542
153,34,1543
153,34,1544
153,34,2526
153,34,1545
153,35,3489
153,35,2075
153,35,3705
153,35,533
153,35,4109
153,35,535
153,35,869
153,35,1531
153,35,4717
153,35,4668
153,35,4799
153,35,3
153,35,4741
153,35,2787
153,35,4632
153,35,530
153,35,148
153,35,2377
153,35,4367
153,35,2712
153,35,6277
153,35,6144
153,35,517
153,35,3291
153,35,4303
153,35,4557
153,35,5664
153,35,1455
153,35,4075
153,35,5337
153,35,793
153,35,1483
153,35,3984
153,35,531
153,35,3605
153,35,534
153,35,3623
153,35,306
153,39,5493
153,39,5496
153,39,2626
153,39,4717
153,39,3717
153,39,3772
153,39,3737
153,39,5497
153,39,6055
153,39,2890
153,39,5498
153,39,2618
153,39,2040
153,39,1119
4303,0,153
3620,1,153
3489,1,153
3632,1,153
3490,1,153
3822,1,153
3617,1,153
5112,1,153
4198,1,153
1258,1,153
3808,1,153
4286,1,153
4717,1,153
4730,1,153
4761,1,153
4797,1,153
4799,1,153
4800,1,153
4871,1,153
5278,1,153
5022,1,153
4279,1,153
3186,1,153
3832,1,153
5198,1,153
5211,1,153
5257,1,153
6011,1,153
5397,1,153
5489,1,153
5524,1,153
5546,1,153
5599,1,153
5601,1,153
5628,1,153
5661,1,153
5662,1,153
5669,1,153
5696,1,153
4191,1,153
694,1,153
5838,1,153
5847,1,153
5850,1,153
5852,1,153
5864,1,153
4917,1,153
5902,1,153
5917,1,153
5942,1,153
5963,1,153
6006,1,153
6044,1,153
6093,1,153
1281,1,153
1455,1,153
1295,1,153
4155,1,153
6125,1,153
6170,1,153
6304,1,153
75,1,153
3611,1,153
1427,1,153
57,1,153
3626,1,153
3605,1,153
6122,1,153
176,1,153
185,1,153
288,1,153
563,1,153
2668,7,153
3696,7,153
3919,7,153
4821,7,153
5668,7,153
4822,7,153
4823,7,153
4825,7,153
4826,7,153
4827,7,153
4828,7,153
4829,7,153
4830,7,153
4831,7,153
4832,7,153
4833,7,153
4834,7,153
1394,7,153
4691,7,153
5726,12,153
1170,12,153
1615,12,153
1725,14,153
4556,16,153
2199,19,153
3488,19,153
4345,19,153
4895,23,153
5938,23,153
2341,23,153
5984,23,153
3938,23,153
5922,23,153
5502,23,153
1554,23,153
5071,23,153
1616,23,153
4988,23,153
5776,23,153
306,23,153
3307,27,153
2942,35,153
3596,35,153
3007,35,153
3059,35,153
3324,35,153
2103,35,153
3357,35,153
3795,35,153
3805,35,153
4371,35,153
3612,35,153
3631,35,153
3674,35,153
5645,35,153
1390,35,153
3930,35,153
3947,35,153
3949,35,153
1877,35,153
1440,35,153
3539,35,153
4531,35,153
3650,35,153
3974,35,153
4053,35,153
4817,35,153
4092,35,153
4227,35,153
3685,35,153
2529,35,153
1692,35,153
4587,35,153
2532,35,153
4055,35,153
4709,35,153
1772,35,153
1731,35,153
3902,35,153
2492,35,153
1507,35,153
5012,35,153
1661,35,153
4799,35,153
3691,35,153
6089,35,153
3700,35,153
6091,35,153
6094,35,153
6095,35,153
5469,35,153
4995,35,153
1184,35,153
1315,35,153
1428,35,153
4924,35,153
3483,35,153
2604,35,153
5454,35,153
53,35,153
5484,35,153
5647,35,153
3923,35,153
2213,35,153
5949,35,153
5685,35,153
5351,35,153
5419,35,153
3692,35,153
2468,35,153
4776,35,153
5576,35,153
5621,35,153
148,35,153
317,35,153
5173,35,153
536,35,153
2724,35,153
537,35,153
538,35,153
539,35,153
540,35,153
1441,35,153
541,35,153
542,35,153
1725,35,153
543,35,153
1442,35,153
544,35,153
1484,35,153
2726,35,153
2232,35,153
3171,35,153
789,35,153
4303,35,153
1283,35,153
154,35,153
3526,35,153
5928,35,153
2140,35,153
2489,35,153
902,35,153
5963,35,153
1799,35,153
2633,35,153
1678,35,153
5568,35,153
4681,35,153
5128,35,153
5468,35,153
1233,35,153
3638,35,153
6083,35,153
33,35,153
1281,35,153
2084,35,153
1290,35,153
2493,35,153
5728,35,153
211,35,153
864,35,153
891,35,153
1892,35,153
6170,35,153
282,35,153
2231,35,153
2369,35,153
520,35,153
1431,35,153
3799,35,153
4311,35,153
1741,35,153
1479,35,153
2096,35,153
5379,35,153
1617,35,153
1651,35,153
2916,35,153
1690,35,153
2363,35,153
6021,35,153
2165,35,153
2461,35,153
3305,35,153
3917,35,153
4737,35,153
3827,35,153
5704,35,153
6267,35,153
3691,38,153
38,38,153
317,38,153
3821,39,153
1281,39,153
166,39,153
1937,0,1938
1937,0,4332
1937,0,1939
1937,0,236
1937,0,4031
1937,1,135
1937,2,4441
1937,2,4442
1937,2,4443
1937,2,4444
1937,2,899
1937,2,4445
1937,2,4446
1937,2,4447
1937,2,4448
1937,2,4449
1937,2,2214
1937,2,4450
1937,2,4451
1937,2,4452
1937,6,5104
1937,20,4003
1937,20,5663
1937,20,5997
1937,20,4974
1937,20,6000
1937,20,858
1937,35,3011
1937,35,3016
1937,35,3269
1937,35,1910
1937,35,3672
1937,35,6145
1937,35,3301
1937,35,6146
1937,35,3452
1937,35,1875
1937,35,3786
1937,35,6147
1937,35,6148
1937,35,2073
1937,35,6149
1937,35,6150
1937,35,3972
1937,35,6151
1937,35,4613
1937,35,6153
1937,35,3510
1937,35,3559
1937,35,6154
1937,35,3060
1937,35,6155
1937,35,3926
1937,35,1463
1937,35,4308
1937,35,2693
1937,35,1938
1937,35,6158
1937,35,6159
1937,35,4249
1937,35,4250
1937,35,6163
1937,35,4254
1937,35,6156
1937,35,2986
1937,35,5643
1937,35,6157
1937,35,4028
1937,35,3825
1937,35,4264
1937,35,1269
1937,35,2612
1937,35,4269
1937,35,4003
1937,35,6160
1937,35,4045
1937,35,5264
1937,35,6161
1937,35,5824
1937,35,6162
1937,35,4138
1937,35,4273
1937,35,6164
1937,35,3416
1937,35,4280
1937,35,3531
1937,35,4282
1937,35,6172
1937,35,243
1937,35,4284
1937,35,6168
1937,35,1871
1937,35,3687
1937,35,5410
1937,35,6169
1937,35,1253
1937,35,4507
1937,35,4287
1937,35,3528
1937,35,6175
1937,35,5941
1937,35,6176
1937,35,6177
1937,35,3794
1937,35,4178
1937,35,1535
1937,35,6178
1937,35,5644
1937,35,6179
1937,35,1411
1937,35,4711
1937,35,2758
1937,35,5638
1937,35,6173
1937,35,6174
1937,35,1466
1937,35,4891
1937,35,2560
1937,35,4897
1937,35,1469
1937,35,5117
1937,35,4004
1937,35,2568
1937,35,6180
1937,35,4299
1937,35,6182
1937,35,2370
1937,35,2371
1937,35,4960
1937,35,6183
1937,35,2374
1937,35,4383
1937,35,4302
1937,35,3770
1937,35,3530
1937,35,5243
1937,35,6184
1937,35,4015
1937,35,5428
1937,35,3788
1937,35,4046
1937,35,1235
1937,35,5122
1937,35,5126
1937,35,6185
1937,35,4010
1937,35,6118
1937,35,6186
1937,35,4632
1937,35,4306
1937,35,4953
1937,35,4309
1937,35,2783
1937,35,5650
1937,35,6181
1937,35,4314
1937,35,4878
1937,35,4317
1937,35,4319
1937,35,4974
1937,35,22
1937,35,6192
1937,35,194
1937,35,356
1937,35,5851
1937,35,1724
1937,35,589
1937,35,6193
1937,35,4332
1937,35,6194
1937,35,6187
1937,35,6188
1937,35,6189
1937,35,4514
1937,35,6294
1937,35,3833
1937,35,5708
1937,35,4333
1937,35,6190
1937,35,1826
1937,35,5827
1937,35,6191
1937,35,4328
1937,35,4331
1937,35,5830
1937,35,4339
1937,35,3665
1937,35,765
1937,35,6199
1937,35,6195
1937,35,3804
1937,35,4342
1937,35,4343
1937,35,3372
1937,35,6196
1937,35,3418
1937,35,1953
1937,35,4346
1937,35,3384
1937,35,2613
1937,35,5346
1937,35,764
1937,35,3370
1937,35,2684
1937,35,1213
1937,35,1500
1937,35,4347
1937,35,1504
1937,35,4348
1937,35,819
1937,35,5004
1937,35,4029
1937,35,4589
1937,35,4349
1937,35,4352
1937,35,6200
1937,35,4353
1937,35,6209
1937,35,3996
1937,35,6202
1937,35,6203
1937,35,4360
1937,35,6204
1937,35,1276
1937,35,5646
1937,35,6205
1937,35,6206
1937,35,1674
1937,35,6207
1937,35,4370
1937,35,4012
1937,35,4374
1937,35,6210
1937,35,6017
1937,35,6211
1937,35,4997
1937,35,3616
1937,35,4634
1937,35,1104
1937,35,3715
1937,35,6212
1937,35,6213
1937,35,4376
1937,35,4377
1937,35,349
1937,35,4378
1937,35,6215
1937,35,1105
1937,35,6216
1937,35,6217
1937,35,6218
1937,35,4388
1937,35,1485
1937,35,3302
1937,35,4389
1937,35,3511
1937,35,4391
1937,35,3978
1937,35,98
1937,35,4393
1937,35,77
1937,35,6220
1937,35,4398
1937,35,4400
1937,35,3846
1937,35,5317
1937,35,3964
1937,35,5500
1937,35,4030
1937,35,6221
1937,35,2615
1937,35,6222
1937,35,6223
1937,35,1323
1937,35,4031
1937,35,6224
1937,35,6225
1937,35,6226
1937,35,4408
1937,35,4413
1937,35,4414
1937,35,6227
1937,35,6228
1937,35,4420
1937,35,4032
1937,35,5796
1937,35,4039
1937,35,4423
1937,35,4424
1937,35,6230
1937,35,6236
1937,35,6237
1937,35,6238
1937,35,3886
1937,35,6119
1937,35,4824
1937,35,3690
1937,35,196
1937,35,1120
1937,35,6239
1937,35,5051
1937,35,3555
1937,35,5531
1937,35,858
1937,35,3847
1937,35,3954
1937,35,6233
1937,35,5973
1937,35,6241
1937,35,1961
1937,35,4948
1937,35,6242
1937,35,6243
1937,35,3848
1937,35,6244
1937,35,4998
1937,38,1937
4029,1,1937
3521,7,1937
1941,7,1937
2062,7,1937
3720,7,1937
3043,7,1937
4504,7,1937
4505,7,1937
4506,7,1937
4508,7,1937
4509,7,1937
4512,7,1937
4513,7,1937
570,7,1937
4551,7,1937
4515,7,1937
4516,7,1937
4517,7,1937
4518,7,1937
4519,7,1937
3045,7,1937
4453,7,1937
4520,7,1937
4521,7,1937
4522,7,1937
4523,7,1937
4524,7,1937
4525,7,1937
4527,7,1937
4528,7,1937
4529,7,1937
4530,7,1937
2744,12,1937
5108,12,1937
4170,14,1937
4171,14,1937
4174,14,1937
3238,16,1937
3285,16,1937
4017,16,1937
4140,16,1937
268,16,1937
1362,16,1937
3049,16,1937
5087,16,1937
352,16,1937
2774,16,1937
2775,16,1937
2749,16,1937
1099,16,1937
1101,16,1937
1769,16,1937
2036,16,1937
3038,16,1937
3471,16,1937
4722,16,1937
4743,23,1937
5117,23,1937
719,23,1937
4029,23,1937
1674,23,1937
1105,23,1937
5961,23,1937
1961,23,1937
5117,33,1937
4029,33,1937
1105,33,1937
4039,33,1937
1667,35,1937
1834,35,1937
872,35,1937
2705,35,1937
1669,35,1937
1991,35,1937
4094,35,1937
3522,35,1937
2189,35,1937
4489,35,1937
2353,35,1937
5889,35,1937
6318,35,1937
3238,35,1937
3334,35,1937
1285,35,1937
681,35,1937
4104,35,1937
4002,35,1937
2673,35,1937
4009,35,1937
4782,35,1937
3885,35,1937
4028,35,1937
3751,35,1937
4045,35,1937
6106,35,1937
4438,35,1937
6143,35,1937
4936,35,1937
5609,35,1937
684,35,1937
6109,35,1937
1965,35,1937
4596,35,1937
2798,35,1937
1595,35,1937
1172,35,1937
5305,35,1937
5327,35,1937
3940,35,1937
3652,35,1937
4040,35,1937
5090,35,1937
5117,35,1937
1646,35,1937
2568,35,1937
744,35,1937
2110,35,1937
5547,35,1937
5201,35,1937
1294,35,1937
2154,35,1937
2639,35,1937
1262,35,1937
1178,35,1937
5428,35,1937
4047,35,1937
1095,35,1937
3758,35,1937
5483,35,1937
4046,35,1937
5620,35,1937
1908,35,1937
2242,35,1937
2275,35,1937
5126,35,1937
4313,35,1937
5769,35,1937
5797,35,1937
4226,35,1937
5512,35,1937
3868,35,1937
804,35,1937
816,35,1937
4323,35,1937
3752,35,1937
770,35,1937
3742,35,1937
2031,35,1937
5042,35,1937
738,35,1937
775,35,1937
6138,35,1937
5402,35,1937
5169,35,1937
5183,35,1937
5384,35,1937
55,35,1937
101,35,1937
1248,35,1937
4332,35,1937
1921,35,1937
1942,35,1937
58,35,1937
5618,35,1937
1992,35,1937
2542,35,1937
4923,35,1937
5132,35,1937
3385,35,1937
3920,35,1937
1605,35,1937
4211,35,1937
4928,35,1937
4131,35,1937
4029,35,1937
5492,35,1937
4263,35,1937
4266,35,1937
6108,35,1937
590,35,1937
5771,35,1937
191,35,1937
1293,35,1937
26,35,1937
1840,35,1937
4474,35,1937
857,35,1937
1154,35,1937
1392,35,1937
1105,35,1937
1493,35,1937
3701,35,1937
1396,35,1937
1432,35,1937
4277,35,1937
4421,35,1937
98,35,1937
1768,35,1937
3964,35,1937
2246,35,1937
3810,35,1937
4039,35,1937
1633,35,1937
1647,35,1937
169,35,1937
6119,35,1937
5961,35,1937
3541,35,1937
250,35,1937
5575,35,1937
252,35,1937
1473,35,1937
4738,35,1937
5424,35,1937
5174,35,1937
4293,35,1937
4338,35,1937
3303,35,1937
4574,35,1937
6110,35,1937
4503,35,1937
1940,35,1937
3330,35,1937
6247,35,1937
4577,35,1937
6250,35,1937
4170,35,1937
569,35,1937
1806,35,1937
4171,35,1937
4455,35,1937
4578,35,1937
6252,35,1937
4459,35,1937
6255,35,1937
3347,35,1937
4174,35,1937
6253,35,1937
6257,35,1937
1770,35,1937
3356,35,1937
1945,35,1937
5891,35,1937
1961,35,1937
4903,35,1937
4942,35,1937
4998,35,1937
507,35,1937
4979,35,1937
512,35,1937
513,35,1937
1973,35,1937
4028,39,1937
1105,39,1937
6123,7,6132
6123,7,154
6124,7,6123
2223,14,6123
2224,14,6123
2227,14,6123
2037,35,6123
1474,35,6123
2227,35,6123
3013,35,6123
3732,0,3593
3732,0,3733
3732,0,3734
3732,1,4058
3732,1,5141
3732,1,3634
3732,1,3637
3732,1,4059
3732,1,4060
3732,1,4061
3732,1,4062
3732,1,6103
3732,1,4021
3732,1,4063
3732,1,4064
3732,1,3628
3732,1,3648
3732,1,3694
3732,1,4065
3732,1,4027
3732,1,4067
3732,1,4068
3732,1,4533
3732,1,4069
3732,1,3584
3732,1,3635
3732,1,4070
3732,1,4071
3732,1,3403
3732,1,6104
3732,1,4072
3732,1,4073
3732,1,4074
3732,1,2348
3732,1,4052
3732,1,4076
3732,1,2349
3732,1,3814
3732,1,4077
3732,1,6105
3732,1,3626
3732,1,3677
3732,1,3924
3732,1,4078
3732,1,3746
3732,2,462
3732,2,464
3732,2,459
3732,2,460
3732,4,6055
3732,4,3447
3732,5,3499
3732,5,795
3732,6,4667
3732,12,3427
3732,12,5982
3732,15,5137
3732,15,5138
3732,15,5139
3732,15,3593
3732,15,4994
3732,15,5140
3732,15,5751
3732,15,5142
3732,15,4337
3732,15,1483
3732,15,5143
3732,20,4915
3732,20,4916
3732,23,1279
3732,23,4723
3732,23,4932
3732,23,4933
3732,23,429
3732,23,4934
3732,23,4935
3732,24,6104
3732,25,3879
3732,25,5828
3732,33,6104
3732,34,1071
3732,34,1072
3732,34,1073
3732,34,1074
3732,34,1075
3732,34,1076
3732,34,1077
3732,35,3401
3732,35,388
3732,35,2590
3732,35,3459
3732,35,3499
3732,35,3518
3732,35,3308
3732,35,389
3732,35,3721
3732,35,6232
3732,35,390
3732,35,4217
3732,35,4918
3732,35,4021
3732,35,3745
3732,35,391
3732,35,392
3732,35,393
3732,35,394
3732,35,395
3732,35,396
3732,35,397
3732,35,398
3732,35,5486
3732,35,399
3732,35,4502
3732,35,400
3732,35,682
3732,35,402
3732,35,403
3732,35,2515
3732,35,404
3732,35,405
3732,35,406
3732,35,4473
3732,35,407
3732,35,3712
3732,35,5024
3732,35,408
3732,35,5031
3732,35,409
3732,35,5293
3732,35,5297
3732,35,1523
3732,35,3593
3732,35,413
3732,35,3591
3732,35,2790
3732,35,4566
3732,35,414
3732,35,862
3732,35,6042
3732,35,1433
3732,35,4717
3732,35,5670
3732,35,415
3732,35,1905
3732,35,4749
3732,35,5300
3732,35,417
3732,35,1412
3732,35,1619
3732,35,1620
3732,35,5304
3732,35,5458
3732,35,5306
3732,35,5309
3732,35,4804
3732,35,420
3732,35,421
3732,35,2000
3732,35,4625
3732,35,6058
3732,35,5884
3732,35,422
3732,35,5189
3732,35,5214
3732,35,6052
3732,35,3445
3732,35,2171
3732,35,6104
3732,35,5312
3732,35,423
3732,35,424
3732,35,425
3732,35,5318
3732,35,859
3732,35,5319
3732,35,3498
3732,35,5449
3732,35,5320
3732,35,5064
3732,35,5323
3732,35,3733
3732,35,3515
3732,35,2272
3732,35,5324
3732,35,5660
3732,35,5328
3732,35,5329
3732,35,5723
3732,35,4819
3732,35,29
3732,35,237
3732,35,4567
3732,35,5331
3732,35,5335
3732,35,426
3732,35,429
3732,35,1771
3732,35,850
3732,35,427
3732,35,680
3732,35,5338
3732,35,5751
3732,35,5340
3732,35,434
3732,35,5343
3732,35,430
3732,35,431
3732,35,432
3732,35,437
3732,35,5347
3732,35,3879
3732,35,5348
3732,35,5349
3732,35,5764
3732,35,5068
3732,35,5350
3732,35,5828
3732,35,5866
3732,35,3768
3732,35,3526
3732,35,1512
3732,35,435
3732,35,4945
3732,35,436
3732,35,5357
3732,35,3388
3732,35,438
3732,35,901
3732,35,5842
3732,35,5009
3732,35,439
3732,35,5715
3732,35,5364
3732,35,443
3732,35,1115
3732,35,442
3732,35,444
3732,35,1117
3732,35,447
3732,35,5383
3732,35,5385
3732,35,3021
3732,35,5387
3732,35,445
3732,35,5390
3732,35,5392
3732,35,5393
3732,35,2222
3732,35,448
3732,35,452
3732,35,453
3732,35,454
3732,35,3346
3732,35,4611
3732,35,3857
3732,35,1333
3732,35,6214
3732,35,5403
3732,35,3814
3732,35,5404
3732,35,3736
3732,35,3302
3732,35,5405
3732,35,683
3732,35,5406
3732,35,3571
3732,35,1377
3732,35,4856
3732,35,1483
3732,35,5408
3732,35,5409
3732,35,455
3732,35,3973
3732,35,3838
3732,35,456
3732,35,4006
3732,35,3667
3732,35,3618
3732,35,4312
3732,35,461
3732,35,3555
3732,35,1805
3732,35,155
3732,35,7
3732,35,244
3732,35,4380
3732,35,463
3732,35,3695
3732,35,5412
3732,35,3769
3732,35,880
3732,35,465
3732,35,5562
3732,35,293
3732,35,3392
3732,35,5414
3732,38,3732
3732,39,3070
3732,39,3071
3732,39,1675
3732,39,3073
3732,39,3074
3732,39,3075
3732,39,2819
3732,39,2821
3732,39,3079
3732,39,2823
3732,39,3081
3732,39,3082
3732,39,4484
3732,39,3076
3732,39,2827
3732,39,3077
3732,39,2829
3732,39,4588
3732,39,3078
3732,39,1278
3732,39,2831
3732,39,3080
3732,39,2832
3732,39,2833
3732,39,4701
3732,39,2838
3732,39,4614
3732,39,3090
3732,39,1457
3732,39,5127
3732,39,4717
3732,39,3084
3732,39,2247
3732,39,3091
3732,39,3085
3732,39,3086
3732,39,2843
3732,39,3087
3732,39,2845
3732,39,3089
3732,39,2846
3732,39,4925
3732,39,2847
3732,39,2848
3732,39,3092
3732,39,2849
3732,39,3094
3732,39,3095
3732,39,3096
3732,39,2289
3732,39,1853
3732,39,5453
3732,39,2111
3732,39,4212
3732,39,3097
3732,39,3098
3732,39,3099
3732,39,3100
3732,39,2854
3732,39,2855
3732,39,2271
3732,39,2857
3732,39,4239
3732,39,2858
3732,39,5014
3732,39,4435
3732,39,4950
3732,39,4640
3732,39,3104
3732,39,3105
3732,39,3106
3732,39,3102
3732,39,3103
3732,39,3107
3732,39,3108
3732,39,3109
3732,39,3110
3732,39,3111
3732,39,3112
3732,39,6055
3732,39,2862
3732,39,2630
3732,39,2863
3732,39,2866
3732,39,3116
3732,39,3117
3732,39,3118
3732,39,2870
3732,39,2872
3732,39,2711
3732,39,5533
3732,39,2694
3732,39,6057
3732,39,2875
3732,39,3113
3732,39,3114
3732,39,1509
3732,39,3115
3732,39,2882
3732,39,3123
3732,39,2139
3732,39,3119
3732,39,3120
3732,39,3121
3732,39,2892
3732,39,3127
3732,39,3122
3732,39,3128
3732,39,2897
3732,39,3124
3732,39,3129
3732,39,3126
3732,39,3131
3732,39,3132
3732,39,2903
3732,39,3134
3732,39,3135
3732,39,2906
3732,39,3136
3732,39,3137
3732,39,2911
3732,39,2912
3732,39,2913
3732,39,2914
3732,39,2915
3732,39,2917
3732,39,2918
3732,39,3144
3732,39,3145
3732,39,1313
3732,39,3138
3732,39,3139
3732,39,3140
3732,39,3141
3732,39,3142
3732,39,3143
3732,39,2929
3732,39,2930
3732,39,2933
3732,39,2935
3732,39,2936
3732,39,2938
3732,39,3147
3732,39,3148
3732,39,3149
3732,39,3150
3732,39,3151
3732,39,3152
3732,39,3153
3732,39,3154
3732,39,2859
3732,39,2943
3732,39,2944
3732,39,2945
3732,39,3156
3732,39,2950
3732,39,2951
3732,39,2953
3732,39,3157
3732,39,2955
3732,39,3158
3732,39,2958
3732,39,2959
3732,39,2963
3732,39,2964
3732,39,3161
3732,39,3162
3732,39,2967
3732,39,3169
3732,39,3731
3732,39,3164
3732,39,3165
3732,39,3166
3732,39,3167
3732,39,3172
3732,39,3168
3732,39,3173
3732,39,3174
3732,39,3175
3732,39,3176
3732,39,2972
3732,39,3178
3732,39,3179
3732,39,3180
3732,39,3181
3732,39,3182
3732,39,3183
3732,39,3184
3732,39,3185
3732,39,3177
3732,39,2463
3732,39,2987
3732,39,2881
3732,39,2989
3732,39,2990
3732,39,2992
3732,39,2993
3732,39,2996
3732,39,2998
3732,39,3000
3732,39,3001
3732,39,3187
3732,39,3188
3732,39,3189
3732,39,3190
3732,39,3191
3732,39,3002
3732,39,3192
3732,39,3193
3732,39,3194
3732,39,3196
3732,39,4615
3732,39,3010
3732,39,3198
3732,39,3199
3732,39,3200
3732,39,3019
3732,39,3202
3732,39,3203
3732,39,3204
3732,39,3205
3732,39,3197
3732,39,3206
3732,39,1867
3732,39,3207
3732,39,3208
3732,39,3201
3732,39,3025
3732,39,3210
3732,39,3211
3732,39,3031
3732,39,3213
3732,39,3033
3732,39,2966
3732,39,3215
3732,39,3039
3732,39,3217
3732,39,3209
3732,39,3219
3732,39,3220
3732,39,2361
3732,39,3212
3732,39,3048
3732,39,3214
3732,39,3223
3732,39,3216
3732,39,3050
3732,39,3226
3732,39,3051
3732,39,3053
3732,39,3229
3732,39,3222
3732,39,3056
3732,39,3058
3732,39,3061
3732,39,3225
3732,39,3386
3732,39,3233
3732,39,3227
3732,39,3228
3732,39,3234
3732,39,3069
3732,39,3231
3732,39,3232
3732,39,2720
3732,39,3239
3732,39,2730
3732,39,3241
3732,39,3242
3732,39,3243
3732,39,3235
3732,39,3236
3732,39,3246
3732,39,2759
3732,39,2766
3732,39,3249
3732,39,3250
3732,39,3251
3732,39,2776
3732,39,3253
3732,39,3254
3732,39,2796
3732,39,3247
3732,39,3248
3732,39,2806
3732,39,2807
3732,39,2813
3732,39,3252
3732,39,5000
3732,39,6018
3732,39,2818
3732,39,2824
3732,39,3255
3732,39,4492
3732,39,3256
3732,39,3857
3732,39,2842
3732,39,3257
3732,39,3258
3732,39,3259
3732,39,3260
3732,39,3261
3732,39,2116
3732,39,3262
3732,39,5867
3732,39,3263
3732,39,2160
3732,39,5317
3732,39,5561
3732,39,2873
3732,39,3264
3732,39,2893
3732,39,3896
3732,39,2898
3732,39,2902
3732,39,1490
3732,39,3266
3732,39,3290
3732,39,3267
6052,0,3732
6104,0,3732
3733,0,3732
680,0,3732
3693,1,3732
3822,1,3732
3950,1,3732
4042,1,3732
4079,1,3732
3593,1,3732
3808,1,3732
4773,1,3732
1100,1,3732
4625,1,3732
5198,1,3732
5251,1,3732
6010,1,3732
4994,1,3732
5315,1,3732
5423,1,3732
3912,1,3732
5452,1,3732
5524,1,3732
5539,1,3732
5541,1,3732
5628,1,3732
194,1,3732
3962,1,3732
5826,1,3732
5909,1,3732
5944,1,3732
6049,1,3732
3814,1,3732
6264,1,3732
6291,1,3732
23,1,3732
74,1,3732
94,1,3732
296,1,3732
468,1,3732
302,1,3732
545,1,3732
3838,2,3732
4183,2,3732
1978,3,3732
4016,6,3732
578,7,3732
1765,7,3732
2149,7,3732
2765,7,3732
4961,7,3732
5036,7,3732
5219,7,3732
5221,7,3732
5223,7,3732
5224,7,3732
5225,7,3732
4020,7,3732
5226,7,3732
5227,7,3732
5228,7,3732
5229,7,3732
5230,7,3732
4021,7,3732
5231,7,3732
5233,7,3732
5234,7,3732
5235,7,3732
4080,7,3732
5236,7,3732
5237,7,3732
5238,7,3732
5239,7,3732
5240,7,3732
5241,7,3732
5242,7,3732
5244,7,3732
5245,7,3732
5246,7,3732
5247,7,3732
5249,7,3732
5252,7,3732
466,7,3732
5253,7,3732
5254,7,3732
5256,7,3732
5258,7,3732
5259,7,3732
5260,7,3732
5261,7,3732
5263,7,3732
5265,7,3732
5266,7,3732
5267,7,3732
4384,7,3732
4385,7,3732
5270,7,3732
4387,7,3732
4392,7,3732
4395,7,3732
5268,7,3732
5076,7,3732
4399,7,3732
4401,7,3732
5271,7,3732
5272,7,3732
5273,7,3732
5274,7,3732
4406,7,3732
471,7,3732
5281,7,3732
4063,7,3732
5283,7,3732
3628,7,3732
5284,7,3732
5285,7,3732
5286,7,3732
5287,7,3732
5288,7,3732
5289,7,3732
6107,7,3732
5290,7,3732
5291,7,3732
5292,7,3732
5294,7,3732
5295,7,3732
5296,7,3732
5248,7,3732
5,7,3732
190,7,3732
752,7,3732
763,7,3732
1322,7,3732
1459,7,3732
1996,7,3732
2089,7,3732
2323,7,3732
4498,7,3732
4969,7,3732
3807,7,3732
4660,7,3732
5018,7,3732
5027,7,3732
5056,7,3732
5931,7,3732
3565,7,3732
3589,7,3732
3660,7,3732
3675,7,3732
4955,7,3732
5080,7,3732
5870,7,3732
1496,7,3732
2045,7,3732
2391,7,3732
5084,7,3732
2585,7,3732
5135,7,3732
3044,7,3732
5823,7,3732
5913,7,3732
6070,7,3732
1551,7,3732
1653,7,3732
1964,7,3732
2643,7,3732
3653,7,3732
4951,7,3732
5860,7,3732
6290,7,3732
503,7,3732
4652,7,3732
3402,7,3732
4582,7,3732
4695,7,3732
3627,7,3732
5530,7,3732
5682,7,3732
5853,7,3732
5962,7,3732
6116,7,3732
8,7,3732
1218,7,3732
1780,7,3732
1983,7,3732
2623,7,3732
2635,7,3732
2655,7,3732
3230,7,3732
4627,7,3732
4919,7,3732
5101,7,3732
6111,7,3732
5597,7,3732
5640,7,3732
5665,7,3732
521,7,3732
1062,7,3732
1160,7,3732
4,7,3732
1761,7,3732
1920,7,3732
2076,7,3732
4858,7,3732
2699,7,3732
2723,7,3732
4253,7,3732
4417,7,3732
160,7,3732
5542,7,3732
255,7,3732
677,7,3732
1103,7,3732
1443,7,3732
3834,7,3732
3858,7,3732
4088,7,3732
4365,7,3732
4535,7,3732
5007,7,3732
5124,7,3732
5150,7,3732
554,7,3732
1483,9,3732
5236,12,3732
6136,12,3732
3387,12,3732
1477,12,3732
1472,12,3732
1232,14,3732
1236,14,3732
1240,14,3732
1241,14,3732
811,16,3732
5395,16,3732
4494,16,3732
2467,19,3732
1117,19,3732
2770,19,3732
3721,23,3732
4023,23,3732
3694,23,3732
1997,23,3732
5333,23,3732
6296,23,3732
5033,23,3732
1249,23,3732
2910,23,3732
5330,23,3732
5416,23,3732
3733,23,3732
5757,23,3732
5506,23,3732
4758,23,3732
4652,23,3732
4567,23,3732
4746,23,3732
5447,23,3732
2383,23,3732
3133,23,3732
320,23,3732
1395,23,3732
3838,23,3732
1610,23,3732
5802,23,3732
682,33,3732
4851,33,3732
680,33,3732
5751,33,3732
1915,33,3732
683,33,3732
25,33,3732
276,35,3732
1121,35,3732
568,35,3732
195,35,3732
3059,35,3732
3990,35,3732
2598,35,3732
5896,35,3732
5935,35,3732
2095,35,3732
4362,35,3732
2356,35,3732
3357,35,3732
2631,35,3732
1465,35,3732
1694,35,3732
3430,35,3732
3434,35,3732
3505,35,3732
4674,35,3732
3499,35,3732
2206,35,3732
3980,35,3732
6129,35,3732
3534,35,3732
2168,35,3732
4422,35,3732
2185,35,3732
2270,35,3732
4884,35,3732
1986,35,3732
5444,35,3732
3856,35,3732
3721,35,3732
3828,35,3732
2495,35,3732
5666,35,3732
3993,35,3732
5667,35,3732
2554,35,3732
5671,35,3732
5672,35,3732
5673,35,3732
6113,35,3732
3862,35,3732
5674,35,3732
3867,35,3732
5677,35,3732
3881,35,3732
5678,35,3732
3884,35,3732
5683,35,3732
5684,35,3732
5687,35,3732
3669,35,3732
3891,35,3732
2773,35,3732
4890,35,3732
4904,35,3732
5940,35,3732
344,35,3732
6306,35,3732
6321,35,3732
6322,35,3732
1776,35,3732
2,35,3732
28,35,3732
117,35,3732
5418,35,3732
467,35,3732
4151,35,3732
470,35,3732
473,35,3732
474,35,3732
4197,35,3732
4203,35,3732
475,35,3732
476,35,3732
478,35,3732
4205,35,3732
4208,35,3732
4210,35,3732
5434,35,3732
5437,35,3732
4218,35,3732
1232,35,3732
4220,35,3732
4222,35,3732
5439,35,3732
489,35,3732
2923,35,3732
495,35,3732
496,35,3732
499,35,3732
5250,35,3732
5255,35,3732
1237,35,3732
500,35,3732
501,35,3732
5455,35,3732
717,35,3732
5456,35,3732
5457,35,3732
5459,35,3732
5463,35,3732
5464,35,3732
5465,35,3732
5467,35,3732
4268,35,3732
4275,35,3732
509,35,3732
510,35,3732
511,35,3732
508,35,3732
1240,35,3732
515,35,3732
5275,35,3732
5479,35,3732
514,35,3732
4307,35,3732
4316,35,3732
519,35,3732
4322,35,3732
516,35,3732
2925,35,3732
2926,35,3732
518,35,3732
2928,35,3732
1199,35,3732
2173,35,3732
3877,35,3732
3861,35,3732
4793,35,3732
2245,35,3732
2340,35,3732
5709,35,3732
900,35,3732
4128,35,3732
2679,35,3732
1302,35,3732
3930,35,3732
2734,35,3732
1889,35,3732
3763,35,3732
3967,35,3732
5438,35,3732
4259,35,3732
5713,35,3732
2505,35,3732
1299,35,3732
4656,35,3732
4876,35,3732
1523,35,3732
4189,35,3732
5100,35,3732
5094,35,3732
3319,35,3732
4223,35,3732
1130,35,3732
5148,35,3732
5730,35,3732
3593,35,3732
4984,35,3732
5833,35,3732
3482,35,3732
5157,35,3732
49,35,3732
5639,35,3732
4358,35,3732
732,35,3732
881,35,3732
1277,35,3732
4235,35,3732
6099,35,3732
1729,35,3732
4566,35,3732
2114,35,3732
220,35,3732
228,35,3732
5054,35,3732
885,35,3732
5980,35,3732
2511,35,3732
2528,35,3732
2547,35,3732
607,35,3732
2786,35,3732
2896,35,3732
697,35,3732
3006,35,3732
720,35,3732
4098,35,3732
3284,35,3732
3508,35,3732
6042,35,3732
4008,35,3732
2285,35,3732
4093,35,3732
4144,35,3732
4224,35,3732
1267,35,3732
4850,35,3732
2586,35,3732
4624,35,3732
1337,35,3732
4726,35,3732
4905,35,3732
3413,35,3732
5120,35,3732
5354,35,3732
4981,35,3732
5386,35,3732
5411,35,3732
5461,35,3732
5019,35,3732
1661,35,3732
5040,35,3732
2969,35,3732
93,35,3732
206,35,3732
5106,35,3732
1461,35,3732
2069,35,3732
2338,35,3732
742,35,3732
830,35,3732
1203,35,3732
5855,35,3732
2155,35,3732
1315,35,3732
2197,35,3732
1592,35,3732
5925,35,3732
5856,35,3732
2355,35,3732
4379,35,3732
796,35,3732
3987,35,3732
2516,35,3732
2517,35,3732
2518,35,3732
2519,35,3732
2520,35,3732
2540,35,3732
2685,35,3732
640,35,3732
2624,35,3732
3561,35,3732
3376,35,3732
3455,35,3732
5446,35,3732
1688,35,3732
5454,35,3732
2319,35,3732
3985,35,3732
3995,35,3732
4019,35,3732
5505,35,3732
5507,35,3732
5509,35,3732
4142,35,3732
3647,35,3732
5560,35,3732
4397,35,3732
3773,35,3732
3831,35,3732
1234,35,3732
4682,35,3732
829,35,3732
5065,35,3732
4127,35,3732
5078,35,3732
5499,35,3732
4359,35,3732
5699,35,3732
3686,35,3732
1280,35,3732
1289,35,3732
5809,35,3732
5964,35,3732
5965,35,3732
5840,35,3732
20,35,3732
1168,35,3732
4801,35,3732
186,35,3732
336,35,3732
4133,35,3732
4788,35,3732
4231,35,3732
1112,35,3732
1296,35,3732
5914,35,3732
5214,35,3732
5359,35,3732
2310,35,3732
2311,35,3732
5744,35,3732
2367,35,3732
6052,35,3732
6092,35,3732
2608,35,3732
2609,35,3732
2640,35,3732
6104,35,3732
1405,35,3732
2645,35,3732
1325,35,3732
5449,35,3732
3342,35,3732
3421,35,3732
44,35,3732
3733,35,3732
2273,35,3732
3428,35,3732
2375,35,3732
2479,35,3732
1779,35,3732
4744,35,3732
4791,35,3732
4091,35,3732
5566,35,3732
2443,35,3732
3656,35,3732
6297,35,3732
656,35,3732
1079,35,3732
193,35,3732
194,35,3732
1519,35,3732
1547,35,3732
2190,35,3732
3962,35,3732
4567,35,3732
3830,35,3732
3951,35,3732
2287,35,3732
2147,35,3732
4487,35,3732
3492,35,3732
680,35,3732
2740,35,3732
5417,35,3732
3879,35,3732
4677,35,3732
4754,35,3732
4757,35,3732
5755,35,3732
5756,35,3732
5778,35,3732
5885,35,3732
6003,35,3732
2315,35,3732
4861,35,3732
3350,35,3732
5314,35,3732
3678,35,3732
1341,35,3732
771,35,3732
809,35,3732
1179,35,3732
1143,35,3732
4622,35,3732
5629,35,3732
1673,35,3732
1626,35,3732
649,35,3732
1785,35,3732
1906,35,3732
2053,35,3732
4510,35,3732
2141,35,3732
2142,35,3732
2143,35,3732
2144,35,3732
5626,35,3732
3378,35,3732
2268,35,3732
3479,35,3732
4706,35,3732
4341,35,3732
882,35,3732
1663,35,3732
2662,35,3732
2686,35,3732
912,35,3732
3762,35,3732
1984,35,3732
3286,35,3732
3446,35,3732
2188,35,3732
745,35,3732
1065,35,3732
4041,35,3732
5715,35,3732
4599,35,3732
5592,35,3732
1116,35,3732
1117,35,3732
4620,35,3732
4621,35,3732
4657,35,3732
4672,35,3732
4681,35,3732
4693,35,3732
4862,35,3732
1146,35,3732
3849,35,3732
3860,35,3732
3639,35,3732
6017,35,3732
1189,35,3732
3014,35,3732
4011,35,3732
5574,35,3732
5773,35,3732
5811,35,3732
6009,35,3732
5623,35,3732
1245,35,3732
239,35,3732
386,35,3732
410,35,3732
630,35,3732
3774,35,3732
5485,35,3732
151,35,3732
1264,35,3732
2322,35,3732
2597,35,3732
1597,35,3732
1658,35,3732
1721,35,3732
1756,35,3732
1911,35,3732
2305,35,3732
2060,35,3732
2184,35,3732
2299,35,3732
739,35,3732
741,35,3732
2575,35,3732
1261,35,3732
2722,35,3732
3391,35,3732
3365,35,3732
1308,35,3732
3369,35,3732
3400,35,3732
1705,35,3732
3640,35,3732
1436,35,3732
3852,35,3732
2118,35,3732
3928,35,3732
1640,35,3732
4683,35,3732
4684,35,3732
1483,35,3732
3977,35,3732
6037,35,3732
4247,35,3732
24,35,3732
47,35,3732
1078,35,3732
582,35,3732
5711,35,3732
4229,35,3732
800,35,3732
801,35,3732
2611,35,3732
5099,35,3732
662,35,3732
5440,35,3732
1393,35,3732
94,35,3732
2487,35,3732
3341,35,3732
2916,35,3732
4038,35,3732
5212,35,3732
1802,35,3732
6021,35,3732
1972,35,3732
2002,35,3732
2347,35,3732
1707,35,3732
2462,35,3732
3615,35,3732
4382,35,3732
3664,35,3732
3240,35,3732
4989,35,3732
5072,35,3732
1914,35,3732
1916,35,3732
5399,35,3732
4054,35,3732
5734,35,3732
1930,35,3732
4585,35,3732
586,35,3732
6327,35,3732
4702,35,3732
1982,35,3732
551,35,3732
2573,35,3732
879,35,3732
3348,35,3732
844,35,3732
880,35,3732
3373,35,3732
1128,35,3732
4957,35,3732
5490,35,3732
3604,38,3732
3351,38,3732
94,39,3732
